﻿RANK;FULL NAME;TEAM;POS;AGE;GP;MPG;MIN%Minutes PercentagePercentage of team minutes used by a player while he was on the floor;USG%Usage RateUsage rate, a.k.a., usage percentage is an estimate of the percentage of team plays used by a player while he was on the floor;TO%Turnover RateA metric that estimates the number of turnovers a player commits per 100 possessions;FTA;FT%;2PA;2P%;3PA;3P%;eFG%Effective Shooting PercentageWith eFG%, three-point shots made are worth 50% more than two-point shots made. eFG% Formula=(FGM+ (0.5 x 3PM))/FGA;TS%True Shooting PercentageTrue shooting percentage is a measure of shooting efficiency that takes into account field goals, 3-point field goals, and free throws.;PPGPointsPoints per game.;RPGReboundsRebounds per game.;TRB%Total Rebound PercentageTotal rebound percentage is estimated percentage of available rebounds grabbed by the player while the player is on the court.;APGAssistsAssists per game.;AST%Assist PercentageAssist percentage is an estimated percentage of teammate field goals a player assisted while the player is on the court;SPGStealsSteals per game.;BPGBlocksBlocks per game.;TOPGTurnoversTurnovers per game.;VIVersatility IndexVersatility index is a metric that measures a player’s ability to produce in points, assists, and rebounds. The average player will score around a five on the index, while top players score above 10;ORTGOffensive RatingIndividual offensive rating is the number of points produced by a player per 100 total individual possessions.;DRTGDefensive RatingIndividual defensive rating estimates how many points the player allowed per 100 possessions he individually faced while staying on the court.
;Jaylen Adams;Por;G;24,44;3;6,9;14,4;18,1;0;0;0;5;0,6;4;0;0,333;0,333;2;1;7,6;0,7;15,1;0,33;0;0;6,5;88,9;114,2
;Steven Adams;Okc;C;27,23;7;30;62,6;15,7;20,8;20;0,45;51;0,608;1;0;0,596;0,584;10,1;11,6;20,1;1,3;7,1;0,57;0,29;2,29;7,1;112,8;105,1
;Bam Adebayo;Mia;C-F;23,24;19;36,2;75,4;21;14,8;115;0,783;219;0,566;1;0;0,564;0,625;17,8;10,3;16,5;4,4;20,5;1;0,84;2,47;10,3;121,4;102,1
;Jarrett Allen;Bro;C;22,48;4;33,1;68,9;13,1;26,2;16;0,813;24;0,583;0;0;0,583;0,66;10,3;14,8;22,5;2,3;10,5;0,5;1,75;2,75;8,5;117,9;103,8
;Justin Anderson;Bro;F-G;26,9;3;9,4;19,6;23;12,7;4;1;1;0;11;0,455;0,625;0,69;6,3;2,7;14,3;1;18,4;0;0,33;0,67;10,9;127;103,8
;Giannis Antetokounmpo;Mil;F;25,85;9;30,8;64,2;35,2;13,2;81;0,58;121;0,636;40;0,325;0,599;0,61;26,7;13,8;24;5,7;36,6;0,67;0,89;3,33;16,6;117,4;91
;Carmelo Anthony;Por;F;36,37;5;35,1;73,2;20,7;14,9;14;0,857;49;0,408;19;0,421;0,471;0,512;15,2;5;7,5;2;9,1;1;0,4;2,6;6,1;94,7;106,8
;OG Anunoby;Tor;F;23,24;11;35,7;74,4;13,1;13,8;28;0,643;47;0,489;41;0,415;0,551;0,573;10,5;6,9;10,4;1,2;4,7;1;1,18;1,45;5;111,4;102,6
;D.J. Augustin;Orl;G;32,92;5;25,6;53,3;22,7;16,1;23;0,957;29;0,345;18;0,444;0,468;0,578;13,2;2;4;6;37;0,2;0;2,2;8,5;116;111,3
;J.J. Barea;Dal;G;36,29;1;5,2;10,8;27,5;30,1;3;1;1;0;0;0;0;0,647;3;0;0;0;0;0;0;1;0;97,7;100,5
;Keita Bates-Diop;Den;F;24,72;5;4,7;9,9;11,3;0;2;0,5;5;0,2;0;0;0,2;0,255;0,6;1,2;15,1;0,2;5,5;0;0;0;4,5;92,4;118,7
;Darius Bazley;Okc;F-G;20,33;7;18;37,5;14,2;14,5;10;0,9;9;0,222;22;0,5;0,597;0,65;6,6;6,7;19,5;0,9;7,3;0;0,43;0,86;7,6;117,3;105,9
;Patrick Beverley;Lac;G;32,25;8;20,8;43,3;12,6;14,7;4;0,5;17;0,706;22;0,364;0,615;0,613;6,3;4,1;11,1;2,4;15,7;1;0,38;0,88;7,6;123,7;90,7
;Khem Birch;Orl;C;28,04;5;17,9;37,3;11,4;21;11;0,909;14;0,5;0;0;0,5;0,637;4,8;5;14,3;1,4;11,2;0,2;0;1;7,2;124,9;100,3
;Eric Bledsoe;Mil;G;30,84;9;29,7;61,8;21,3;17,4;26;0,808;66;0,455;32;0,25;0,429;0,48;11,7;4,6;8,2;5,9;29;1,22;0,67;2,56;9,2;99,6;98,9
;Bol Bol;Den;C-F;20,9;4;5,4;11,1;30,9;13,8;8;0,875;6;0,5;3;0,667;0,667;0,759;4,8;1,3;13,9;0;0;0,5;0,5;0,5;0;135,6;108,1
;Chris Boucher;Tor;F-C;27,75;7;6,1;12,7;12,9;8;1;0;6;0,167;5;0,4;0,364;0,35;1,1;1,7;15,2;0,1;3,2;0;0,29;0,14;3,7;83,6;96,3
;Tony Bradley;Uta;C-F;22,67;6;8,1;16,8;15,5;24,9;7;0,714;9;0,222;0;0;0,222;0,373;1,5;3,8;27,8;0,2;2,7;0,33;0,33;0,67;5,2;94,6;100,1
;Jarrell Brantley;Uta;F;24,35;2;6,5;13,4;25;14,5;2;0,5;2;0;3;0;0;0,085;0,5;2;18,2;1;18,9;0;0,5;0,5;6,2;62,5;83
;Malcolm Brogdon;Ind;G;27,83;4;40;83,2;25,1;11,5;28;0,893;41;0,415;24;0,375;0,469;0,556;21,5;4,3;6,2;10;41,9;1;0;2,5;9,7;117,8;107,4
;Jaylen Brown;Bos;F-G;23,97;17;39,5;82,4;23,7;11,5;63;0,841;168;0,56;120;0,358;0,55;0,586;21,8;7,5;10,6;2,3;9,9;1,53;0,53;2,41;7,3;110,6;102,7
;Sterling Brown;Mil;G-F;25,67;1;3,6;7,5;12;0;0;0;0;0;1;0;0;0;0;1;14,9;0;0;0;0;0;0;;
;Trey Burke;Dal;G;27,91;6;26,1;54,3;19,1;8,6;10;0,6;42;0,524;17;0,471;0,576;0,584;12,3;3,2;6,6;2;11,4;1,33;0,33;1;6,6;113,7;105,4
;Alec Burks;Phi;G;29,23;4;23,7;49,4;25,7;5,4;9;0,778;33;0,394;16;0,188;0,357;0,397;10,5;3,8;8,5;1,8;14,1;0,25;0,75;0,75;7;92,4;108,2
;Deonte Burton;Okc;G-F;26,7;1;2,1;4,4;0;;0;0;0;0;0;0;;;0;0;0;0;0;0;0;0;0;;
;Jimmy Butler;Mia;F;31,08;21;38,4;80;24,6;13,5;191;0,859;252;0,512;43;0,349;0,514;0,616;22,2;6,5;9,7;6;26,3;1,95;0,67;2,81;9,9;123,1;107,8
;Bruno Caboclo;Hou;F;25,06;2;3,3;6,9;13,6;0;0;0;1;1;1;0;0,5;0,5;1;1,5;25,3;0;0;0,5;0;0;0;;
;Kentavious Caldwell-Pope;Lal;G;27,65;21;29;60,3;15,5;6,9;27;0,815;70;0,486;119;0,378;0,537;0,56;10,7;2,1;4,3;1,3;6,3;1;0,19;0,71;4,2;112,3;106,2
;DeMarre Carroll;Hou;F;34,21;2;2,9;6;15,5;0;0;0;2;0,5;0;0;0,5;0,5;1;1,5;28,8;0,5;28,7;0;0;0;12,5;;
;Alex Caruso;Lal;G;26,62;21;24,3;50,6;13,4;19,7;30;0,8;52;0,596;61;0,279;0,5;0,543;6,5;2,3;5,6;2,8;15,2;1,1;0,57;1,48;5,7;106,2;100,8
;Chris Chiozza;Bro;G;24,89;4;16,2;33,6;18,3;10,4;4;0,5;8;0,375;16;0,313;0,438;0,446;5,8;1,5;4,7;4,3;41,7;1,25;0;0,75;8,3;109;100,9
;Gary Clark;Orl;F;25,9;5;28,7;59,8;11,1;5,4;5;0,8;1;0;32;0,344;0,5;0,526;7,4;5,6;10;1,4;7;1;0,4;0,4;5,4;113,2;107,1
;Jordan Clarkson;Uta;G;28,35;7;28,6;59,6;25,3;6,5;10;1;48;0,583;49;0,347;0,552;0,577;16,7;3,4;7;2,1;12,6;0,86;0;1;6,9;114,6;106
;Chris Clemons;Hou;G;23,22;2;4,1;8,5;32,1;0;2;0,5;0;0;5;0,4;0,6;0,595;3,5;1;13,6;0;0;0;0;0;0;116,1;112,7
;Antonius Cleveland;Dal;G;26,7;2;4,6;9,5;23,6;0;0;0;5;0,4;0;0;0,4;0,4;2;0,5;6;0;0;0,5;0;0;0;93,7;102,6
;Amir Coffey;Lac;G-F;23,32;3;2,3;4,8;24,6;0;2;1;2;0;1;0;0;0,258;0,7;0;0;1,3;68,5;0,33;0;0;0;;
;Mike Conley;Uta;G;33;5;33;68,7;22,3;6,4;22;0,864;30;0,433;34;0,529;0,625;0,672;19,8;2,8;5;5,2;25;1,6;0,2;1;8;140,7;107,5
;Pat Connaughton;Mil;G;27,76;10;17,1;35,6;10,3;12,2;2;1;12;0,583;23;0,348;0,543;0,557;4;3,9;12,2;1,1;8,7;0,2;0,2;0,5;6;112,3;99,7
;Quinn Cook;Lal;G;27,56;6;4,1;8,4;20,5;8,7;1;1;6;0,5;4;0,5;0,6;0,623;2,2;0,2;2,4;0,8;31,7;0;0;0,17;6,9;129,7;111,6
;Tyler Cook;Den;F;23,05;1;4,2;8,8;0;;0;0;0;0;0;0;;;0;2;28,3;0;0;0;0;0;0;;108,3
;Robert Covington;Hou;F;29,83;12;31,6;65,7;13;10,9;7;0,857;27;0,481;68;0,5;0,674;0,683;11,2;5;8,8;1,4;6,9;2,5;1,08;1;5,4;125,8;98,8
;Torrey Craig;Den;F;29,81;19;19,8;41,2;11,3;9,7;13;0,692;36;0,611;42;0,262;0,494;0,514;4,5;3,3;9,8;0,7;4,8;0,37;0,37;0,47;4,4;105,8;103,9
;Jae Crowder;Mia;F;30,27;21;31,4;65,5;16,2;6,3;46;0,761;40;0,65;161;0,342;0,54;0,57;12;5,6;10,2;1,9;9;0,67;0,57;0,71;6,4;114;104,2
;Seth Curry;Dal;G;30,14;6;28,8;60;15,7;12,7;5;1;32;0,656;21;0,476;0,679;0,697;12,8;1,8;3,5;1,3;6,8;1;0;1,33;4,3;122,2;108,9
;Troy Daniels;Den;F;29,24;6;5;10,5;19,4;0;2;0,5;6;0,5;6;0,5;0,625;0,621;2,7;0,5;5,9;0,3;10,9;0;0;0;5,9;131,5;112,9
;Anthony Davis;Lal;F-C;27,59;21;36,6;76,3;27,8;10,8;179;0,832;299;0,609;60;0,383;0,603;0,665;27,7;9,7;15,6;3,5;16,1;1,24;1,43;2,52;10,7;127,8;102
;Terence Davis;Tor;G;23,41;6;14;29,1;20;15,8;7;1;10;0,6;19;0,421;0,621;0,67;7,2;2,2;8,4;1,2;13,2;0,17;0;1;7,6;118,1;96,7
;Hamidou Diallo;Okc;G;22,2;3;8,4;17,6;27,4;12,4;7;0,571;6;0,5;5;0,2;0,409;0,462;4,3;2;12,4;0,3;6,6;0;0,67;0,67;6,5;92,5;113
;Donte DiVincenzo;Mil;G;23,7;10;16,5;34,4;18,2;14,3;20;0,65;30;0,533;21;0,333;0,52;0,552;6,6;3,2;10,4;1,2;10,6;0,7;0,3;1;7,1;106,5;93,1
;Luka Doncic;Dal;G-F;21,62;6;35,8;74,5;37,5;16,6;64;0,656;84;0,571;44;0,364;0,563;0,596;31;9,8;15;8,7;42,9;1,17;0,5;5,17;15,4;112,1;103,7
;Luguentz Dort;Okc;G;21,48;6;29,2;60,7;24,1;15,4;15;0,533;26;0,538;50;0,26;0,441;0,454;12,5;3,7;6,6;1;5,7;0,33;1;2,5;4,9;82,3;98,9
;PJ Dozier;Den;G-F;23,96;12;10,4;21,7;17,2;17;14;0,571;25;0,48;8;0,25;0,455;0,485;3,2;1,5;8,6;1;13,9;0,17;0,17;0,67;6,5;94,4;105,6
;Goran Dragic;Mia;G;34,44;17;32,5;67,8;27,4;11,7;61;0,803;161;0,509;107;0,346;0,513;0,549;19,1;4,1;7,2;4,4;24,1;1;0,12;2,29;8,6;106,8;104,5
;Jared Dudley;Lal;F;35,26;9;3,4;7,1;8,5;33,3;0;0;1;0;3;0;0;0;0;0,2;3,8;0;0;0,44;0,11;0,22;0;;
;Carsen Edwards;Bos;G;22,59;1;3,5;7,3;0;;0;0;0;0;0;0;;;0;1;16;0;0;0;0;0;0;;
;Joel Embiid;Phi;C-F;26,58;4;36,2;75,3;34,6;13;59;0,814;58;0,517;16;0,25;0,486;0,6;30;12,3;18,2;1,3;7,6;1,5;1,25;3,75;8,6;113,1;96,2
;James Ennis III;Orl;F;30,28;5;23,8;49,6;16,1;13,3;9;0,778;19;0,421;16;0,25;0,4;0,449;7;5,8;12,5;1,2;7,5;1;0,4;1,2;6,1;92,4;94
;Tacko Fall;Bos;C;24,84;2;1,4;2,9;30;0;2;0,5;1;1;0;0;1;0,798;1,5;0,5;20,1;0;0;0;0;0;0;;
;Terrance Ferguson;Okc;G;22,41;4;10,4;21,7;12,4;8,3;0;0;1;0;10;0,2;0,273;0,273;1,5;1;5;0,3;3,4;0,25;0;0,25;2,9;63,2;106,4
;Dorian Finney-Smith;Dal;F;27,44;6;31,8;66,2;14,3;14,2;5;0,8;22;0,545;30;0,367;0,548;0,563;10,2;5,7;9,7;3,2;13,4;1,17;0,5;1,5;7,2;116,1;103,4
;Evan Fournier;Orl;G-F;27,95;5;34,1;71,1;18,4;12,2;17;0,706;22;0,364;35;0,343;0,456;0,496;12,8;4;6;2,6;11,6;1,2;0,6;1,8;6;97,9;107,7
;Michael Frazier;Hou;G;26,6;4;2,9;6;19,5;20;0;0;2;0;2;0,5;0,375;0,375;0,8;1;19,4;0,5;25,4;0;0;0,25;10,2;;
;Markelle Fultz;Orl;G;22,37;5;29,3;61,1;22,1;17,1;7;0,857;44;0,409;16;0,375;0,45;0,476;12;2,2;3,8;5,2;29;1;0,6;2,6;7;93,6;99,9
;Wenyen Gabriel;Por;F;23,55;4;13,3;27,8;16,3;23,9;2;0,5;10;0,7;5;0,4;0,667;0,661;5,3;2,5;9,9;1;12,2;0,5;0,5;1,25;7,1;116,3;88
;Danilo Gallinari;Okc;F;32,18;7;30,3;63;21,8;14;30;0,967;42;0,476;37;0,324;0,481;0,569;15;5,4;9,4;1;5,5;0,71;0,14;2,14;5,7;104,3;106,3
;Marc Gasol;Tor;C;35,7;11;20,7;43,1;16,8;18,5;15;0,733;37;0,541;27;0,185;0,43;0,467;6;4,4;11,4;2,6;18,5;0,45;0,64;1,45;7,9;93,7;93
;Paul George;Lac;F;30,45;13;36,8;76,7;26,1;14;55;0,909;110;0,464;111;0,333;0,482;0,536;20,2;6,1;9,2;3,8;15,5;1,46;0,54;3,08;8,4;103,5;100,4
;Shai Gilgeous-Alexander;Okc;G-F;22,25;7;39,9;83;17,8;13;23;0,957;55;0,455;35;0,4;0,511;0,569;16,3;5,3;6,9;4,1;16,9;1;0,43;2,14;7,1;110,7;106,1
;Rudy Gobert;Uta;C;28,29;7;38,6;80,4;17,6;8,9;42;0,524;74;0,649;0;0;0,649;0,638;16,9;11,4;17,3;1,1;4,6;0,57;1,43;1,29;6,2;126,8;102
;Eric Gordon;Hou;G;31,8;12;34,1;71,1;23,8;11;40;0,875;86;0,5;90;0,322;0,491;0,537;17,3;2,7;4,4;3;14,7;0,83;0,58;2;6,1;105,2;109,8
;Jerami Grant;Den;F;26,59;19;34,4;71,6;15,6;11,2;54;0,889;80;0,5;95;0,326;0,494;0,556;11,6;3,3;5,7;1,3;5,5;0,58;0,74;1,32;4,3;107;108,4
;Danny Green;Lal;G;33,31;21;25;52,1;15,7;6,4;15;0,667;55;0,364;115;0,339;0,462;0,473;8;3,1;7,4;1,2;6,7;0,95;0,76;0,57;5;103,5;102,7
;JaMychal Green;Lac;F-C;30,31;13;17,1;35,5;12,6;7,8;9;0,778;32;0,656;23;0,435;0,655;0,67;6,1;3,8;12,3;0,5;4,5;0,15;0,23;0,38;5,3;132,5;98,4
;Javonte Green;Bos;G-F;27,22;1;5,7;11,9;15,7;0;0;0;0;0;2;0,5;0,75;0,75;3;1;9,9;0;0;0;0;0;0;143,3;92,9
;Jeff Green;Hou;F;34,12;12;28,4;59,3;16,5;12;17;0,824;49;0,571;54;0,426;0,607;0,629;11,6;5;9,8;1,6;8,9;0,5;0,5;1,25;6,4;116,1;105,8
;Donta Hall;Bro;F;23,18;3;6,6;13,8;16,1;12,9;4;0,25;5;0,6;0;0;0,6;0,518;2,3;1,7;12,7;0;0;0;0,67;0,33;0;102,5;110,8
;Tim Hardaway Jr.;Dal;G;28,57;6;33,9;70,7;21,7;2,9;11;0,727;41;0,512;54;0,352;0,521;0,536;17,8;3,5;5,6;1,8;8,1;0,33;0;0,5;5,7;111,3;109,7
;James Harden;Hou;G;31,13;12;37,3;77,7;32,4;13,9;116;0,845;111;0,631;117;0,333;0,564;0,636;29,6;5,6;8,3;7,7;38,8;1,5;0,83;3,75;11,6;123,5;103,8
;Montrezl Harrell;Lac;F-C;26,71;13;18,7;39;22,3;9,7;68;0,603;77;0,597;5;0,2;0,579;0,608;10,5;2,9;8,7;0,4;3,2;0,38;0,54;0,92;4,9;115,6;100,8
;Gary Harris;Den;G;26,08;14;27,1;56,4;14,5;17,4;22;0,773;38;0,395;52;0,365;0,483;0,522;7,4;2;4,4;1,7;8,8;1,14;0,29;1,5;4,3;97,6;104,5
;Joe Harris;Bro;G-F;29,1;2;36,2;75,3;15,8;10,8;4;0,5;11;0,455;12;0,583;0,674;0,666;16,5;10,5;14,6;1;4,7;0,5;0;1,5;6,2;117,9;97,9
;Tobias Harris;Phi;F;28,24;4;37,2;77,4;21,5;5,5;19;0,789;46;0,457;15;0,133;0,393;0,454;15,8;9,8;14,1;4;20;0,5;0,25;1;9,2;109,2;106,2
;Gordon Hayward;Bos;F;30,56;5;31,4;65,5;17,2;11,6;8;0,875;26;0,5;24;0,292;0,47;0,504;10,8;4;7,1;2,8;13,4;1,4;0,4;1,4;6,3;103,4;104,6
;Tyler Herro;Mia;G;20,73;21;33,6;70,1;22;12,3;54;0,87;149;0,483;128;0,375;0,52;0,557;16;5;8,7;3,7;17,9;0,38;0,1;2;7,9;106,1;109,8
;Mario Hezonja;Por;F-G;25,63;5;13,6;28,3;16,4;11,2;4;0,75;15;0,467;7;0,286;0,455;0,484;4,6;3;11,6;1,2;13,6;0,6;0;0,6;7,5;102;103,8
;George Hill;Mil;G;34,44;10;26,8;55,9;15,1;16,9;26;0,808;39;0,564;28;0,357;0,552;0,606;9,5;2,4;4,8;3,1;16,3;0,6;0;1,6;6,2;114,6;102,9
;Solomon Hill;Mia;F;29,57;7;6;12,4;9,8;0;0;0;3;1;6;0,333;0,667;0,667;1,7;1;9,7;0,4;10,9;0,14;0;0;5,9;143,6;100,5
;Jaylen Hoard;Por;F;21,54;3;13,8;28,8;14,1;14,3;0;0;12;0,583;0;0;0,583;0,583;4,7;3;11,4;0,3;3,9;0;0;0,67;4,7;115,4;109
;Aaron Holiday;Ind;G;24,03;4;18;37,4;17,4;14,7;5;0,6;12;0,667;9;0,444;0,667;0,668;7,8;1,3;4,1;2,5;23,4;1;0;1;6,5;122,8;98,5
;Justin Holiday;Ind;F-G;31,52;4;32,8;68,3;8,9;11,8;3;0,333;5;0,4;16;0,5;0,667;0,65;7,3;3,8;6,7;0,8;3,3;1,5;1,25;0,75;3,4;118,5;106,9
;Rondae Hollis-Jefferson;Tor;F;25,77;5;7,7;16,1;16,6;6,9;8;0,75;9;0,444;1;0;0,4;0,518;2,8;2;14;0,6;11,2;0,4;0,2;0,2;7,8;123,5;94,4
;Al Horford;Phi;C-F;34,36;4;32,1;66,9;10,9;12,5;7;0,571;21;0,571;4;0;0,48;0,499;7;7,3;12,1;2,3;11,7;0,25;1,25;1;6,1;110,7;102,8
;Talen Horton-Tucker;Lal;G;19,88;2;8,5;17,6;30,9;0;0;0;7;0,571;5;0,4;0,583;0,583;7;2,5;17,5;0;0;1;0;0;0;109,9;76,2
;Danuel House Jr.;Hou;F-G;27,35;9;31;64,6;15,7;7,2;13;0,769;32;0,563;53;0,358;0,547;0,568;11,4;5,8;10,4;1,4;7,3;0,89;0;0,78;5,8;115,5;105,6
;Dwight Howard;Lal;C-F;34,84;18;15,7;32,6;14,3;17,2;45;0,556;55;0,691;2;0,5;0,693;0,677;5,8;4,6;17,4;0,5;4,5;0,44;0,44;0,89;6;123,4;89,5
;Serge Ibaka;Tor;F;31,07;11;22,9;47,6;22,5;9,4;14;1;65;0,615;45;0,511;0,677;0,702;14,8;7,7;18,2;1,2;9,4;0,18;1,27;1,09;9;128,3;95,1
;Andre Iguodala;Mia;G-F;36,7;21;19,5;40,6;9,1;17,1;7;0,714;26;0,615;39;0,359;0,569;0,58;3,8;2,6;7,6;1,5;10,7;0,81;0,62;0,67;5;112,8;101,7
;Ersan Ilyasova;Mil;F;33,41;3;7,8;16,3;20;9,2;2;1;4;0,5;5;0,2;0,389;0,455;3;1,3;9,2;0;0;0,67;0;0,33;0;85,4;89,6
;Joe Ingles;Uta;F-G;33,03;7;33,5;69,7;12,1;6,6;6;1;14;0,571;40;0,35;0,537;0,565;9,1;3,4;6;4,7;19,4;0,57;0,14;0,57;6,3;128,9;108,3
;Wes Iwundu;Orl;F;25,81;5;15,2;31,6;14,9;11,3;8;0,625;13;0,154;7;0,571;0,4;0,446;4,2;2,2;7,4;0,8;7,6;0,6;0,4;0,6;5,1;90,7;105,8
;Justin Jackson;Dal;F;25,54;3;5,3;11;21;0;4;0,5;3;0,333;3;0;0,167;0,258;1,3;1;10,3;0;0;0;0;0;0;59;109,3
;Reggie Jackson;Lac;G;30,49;12;14,2;29,5;13,7;9,4;0;0;16;0,25;32;0,531;0,615;0,615;4,9;1,8;6,9;0,9;9;0,17;0,08;0,42;5,6;118,7;102,4
;LeBron James;Lal;F;35,78;21;36,3;75,6;30,4;15,8;150;0,72;263;0,646;119;0,37;0,618;0,647;27,6;10,8;17,5;8,8;42,1;1,19;0,86;4;15,2;122,3;102,5
;Alize Johnson;Ind;F;24,47;1;0,2;0,4;0;;0;0;0;0;0;0;;;0;0;0;0;0;0;0;0;0;;
;BJ Johnson;Orl;F;24,81;1;3,6;7,5;23,7;0;0;0;1;0;1;1;0,75;0,75;3;2;28,5;0;0;0;0;0;0;;
;Stanley Johnson;Tor;F-G;24,37;3;6,7;14;27,2;8;1;1;6;0,5;5;0,4;0,545;0,568;4,3;1,3;10,7;2;53,8;0;0;0,33;13,3;127;94,9
;Tyler Johnson;Bro;G;28,43;4;23,2;48,3;22,2;6;2;1;18;0,556;28;0,393;0,576;0,587;13,8;1,8;3,8;2,3;18,4;0;0,25;0,75;6,6;116;104,5
;Nikola Jokic;Den;C;25,64;19;36,5;76,1;28,9;14,1;79;0,835;245;0,555;98;0,429;0,58;0,614;24,4;9,8;16;5,7;28,6;1,05;0,79;3,26;12,2;116,4;102,9
;Derrick Jones Jr.;Mia;F;23,66;15;6,5;13,4;9,9;9,4;5;0,4;8;0,5;9;0,444;0,588;0,573;1,5;0,9;7,7;0,5;10,4;0,4;0,33;0,13;5,4;124,6;99,4
;Enes Kanter;Bos;C;28,39;10;10,3;21,4;21,9;7,9;10;0,5;41;0,512;1;1;0,536;0,539;5;4,3;23,6;0,7;11,9;0;0;0,4;9,6;119,5;90,1
;Michael Kidd-Gilchrist;Dal;F;27,04;6;9,2;19,1;13,8;5,7;6;0,667;5;0,4;9;0,222;0,357;0,421;2,3;1;6;0,5;6,9;0,17;0,17;0,17;4,6;99,1;102,4
;Maxi Kleber;Dal;F;28,7;6;33,9;70,6;10,2;8,3;12;0,75;13;0,615;26;0,192;0,397;0,452;6,7;6,5;10,5;1,5;5,5;0,33;1,17;0,67;4,8;105,7;106,1
;Furkan Korkmaz;Phi;G-F;23,22;4;10,1;21;12,1;17,9;5;0,6;1;0;6;0;0;0,163;0,8;1,5;8;0,5;7,2;0,25;0;0,5;3,3;41,3;105,7
;Kyle Korver;Mil;G-F;39,57;10;11,9;24,8;20;9,1;7;1;10;0,5;37;0,405;0,585;0,619;6,2;0,9;4,1;0,1;1,3;0,2;0,2;0,5;2,8;110,5;102
;Rodions Kurucs;Bro;F;22,68;4;14,6;30,4;16,8;12,6;2;0;12;0,917;8;0;0,55;0,527;5,5;3,3;11,2;0,8;9,1;0,25;0,5;0,75;6,7;99,3;97
;Kyle Kuzma;Lal;F;25,22;21;23;48;19,5;9,7;37;0,784;96;0,531;83;0,313;0,503;0,535;10;3,1;7,9;0,8;5;0,29;0,33;1;5,1;104,8;102,6
;Romeo Langford;Bos;G-F;20,97;7;6,5;13,6;12,5;15,5;2;0,5;8;0,375;2;0,5;0,45;0,46;1,4;0,4;3,7;0,3;6,2;0,14;0;0,29;3,4;85,4;104,6
;Vic Law;Orl;F;24,81;1;3,6;7,5;11,9;0;0;0;0;0;1;1;1,5;1,5;3;2;28,5;1;55,9;0;0;0;20,2;;
;Kawhi Leonard;Lac;F;29,29;13;39,3;81,9;29,4;9,6;94;0,862;195;0,549;73;0,329;0,534;0,593;28,2;9,3;13,2;5,5;23,9;2,31;0,85;2,54;11,5;120,1;102,6
;Meyers Leonard;Mia;C;28,62;3;10,3;21,4;13,1;0;2;1;4;0,75;4;0,5;0,75;0,788;4,7;0,3;1,9;1;15,8;0,33;0;0;4,4;163,9;101,9
;Caris LeVert;Bro;G;26,13;4;34,9;72,7;28,6;13,4;25;0,72;52;0,346;21;0,429;0,432;0,482;20,3;5,8;8,3;9,5;48,5;1,25;0,25;3,25;11,9;106,9;108,7
;Damian Lillard;Por;G;30,24;4;35,7;74,3;27;15,1;33;0,97;31;0,419;33;0,394;0,508;0,618;24,3;3,5;5,2;4,3;19,8;0,5;0,25;3,5;8;116,3;118,6
;Brook Lopez;Mil;C;32,53;10;32,8;68,3;17,7;8,9;20;0,75;61;0,656;53;0,396;0,627;0,643;15,8;5,5;9;0,5;2,4;1;1,3;1,2;4,3;120;99,4
;Robin Lopez;Mil;C;32,53;3;6,9;14,3;8,4;0;0;0;4;0,75;0;0;0,75;0,75;2;1,3;10,4;0;0;0;0;0;0;145,2;97,8
;Kyle Lowry;Tor;G;34,55;11;37,6;78,2;21,6;13,8;60;0,8;76;0,513;72;0,319;0,497;0,559;17,7;6,5;9,4;5,8;23,9;1,73;0,73;2,55;9,3;111,8;97,6
;Timothe Luwawu-Cabarrot;Bro;G-F;25,43;4;32,9;68,4;22,7;11,1;12;0,917;20;0,35;39;0,333;0,449;0,498;16;3,8;5,8;1,5;7,6;0,75;0;2;5,5;95,3;103,6
;Terance Mann;Lac;G-F;23,98;13;2,1;4,4;11,2;28,6;0;0;3;0,667;2;0;0,4;0,4;0,3;0,5;14,3;0,1;4,7;0,08;0;0,15;4,7;;
;Boban Marjanovic;Dal;C;32,16;6;13,7;28,5;19,4;8,1;9;0,778;29;0,586;1;0;0,567;0,604;6,8;5,8;23,3;0,8;9,3;0;0,33;0,5;9,2;123,1;99,9
;Jeremiah Martin;Bro;G;24,31;3;9;18,7;25,2;12,2;1;1;9;0,111;5;0,6;0,393;0,416;4;1;5,6;1,3;24,5;0;0,33;0,67;7,7;87,8;108,1
;Frank Mason;Mil;G;26,53;2;1,1;2,2;0;;0;0;0;0;0;0;;;0;0;0;0,5;57,6;0;0;0;0;;
;Wesley Matthews;Mil;G;34;10;24,6;51,3;12;10,2;10;0,7;14;0,5;43;0,395;0,57;0,586;7,2;1,8;3,9;0,9;5;0,9;0,4;0,7;3,7;112,5;100,6
;CJ McCollum;Por;G;29,06;5;39,2;81,8;26,3;12,1;22;0,682;64;0,484;35;0,371;0,51;0,534;23,2;5,8;7,8;3,2;14,6;1,2;0,4;3;7,7;102,4;114,1
;T.J. McConnell;Ind;G;28,55;3;9,3;19,4;17,9;18,4;2;0,5;8;0,375;0;0;0,375;0,394;2,3;2;12,5;2,3;38,3;0;0;0,67;9,4;91,8;96,6
;Doug McDermott;Ind;F;28,77;4;13,6;28,3;13,5;6,3;0;0;5;0,4;10;0,2;0,333;0,333;2,5;0,8;3,2;0,3;2,7;0,25;0;0,25;2,5;67,8;110,2
;JaVale McGee;Lal;C-F;32,73;14;9,7;20,1;13,5;21,5;2;0,5;30;0,667;2;0;0,625;0,623;2,9;3,1;19,2;0,5;7,3;0,14;0,71;0,64;6,8;113,3;93
;Rodney McGruder;Lac;G;29,21;5;3,1;6,5;14;0;0;0;2;0,5;3;0,667;0,8;0,8;1,6;0,8;14,2;0,4;19,5;0;0;0;10,3;;
;Ben McLemore;Hou;G;27,67;11;11,8;24,5;14,9;7;0;0;4;0,25;36;0,389;0,55;0,55;4;1;4,7;0,5;7;0,36;0;0,27;4,3;109,5;109,5
;Khris Middleton;Mil;F;29,17;10;35,5;74;28,4;14,5;46;0,826;115;0,417;65;0,354;0,458;0,507;20,3;6,9;10,4;6;26,9;1,1;0,2;3,4;10,6;99,9;94,2
;Malcolm Miller;Tor;G-F;27,6;1;5,3;11;25;0;0;0;2;0;1;1;0,5;0,5;3;0;0;0;0;0;0;0;0;97,8;74,3
;Paul Millsap;Den;F;35,67;19;24,2;50,4;16,5;15;54;0,796;74;0,432;44;0,341;0,462;0,536;8;4,7;11,5;1,2;7,1;0,63;0,47;1,32;5,9;105,9;104,4
;Shake Milton;Phi;G-F;24,04;4;31,5;65,6;18,3;11,3;7;0,857;19;0,579;25;0,4;0,591;0,616;14,5;3,3;5,5;2,8;16,6;0,5;0;1,5;6,5;116,6;104,4
;Donovan Mitchell;Uta;G;24,09;7;37,7;78,5;37,5;13,7;58;0,948;93;0,538;64;0,516;0,634;0,696;36,3;5;7,8;4,9;25,6;1;0,29;4,14;10,2;125,4;109,8
;Juwan Morgan;Uta;F;23,49;7;12,3;25,7;8,5;6,4;6;0,333;2;0,5;10;0,2;0,333;0,342;1,4;3;14,2;0,7;7,4;0,29;0;0,14;4,7;101,7;99
;Marcus Morris Sr.;Lac;F;31,11;13;29,9;62,2;14,2;7,1;14;0,929;52;0,538;59;0,475;0,631;0,653;11,8;4,8;9;1,6;7,7;0,85;0,08;0,69;6;129,4;101,3
;Markieff Morris;Lal;F;31,11;21;18,4;38,2;13,4;14,3;9;0,778;29;0,517;69;0,42;0,597;0,608;5,9;3;9,8;1;7;0,29;0,14;0,81;5,7;112,2;97,5
;Monte Morris;Den;G;25,29;19;21,4;44,5;17,7;6,3;34;0,824;93;0,581;40;0,3;0,541;0,581;9,1;1,5;4,3;2,7;19,9;0,63;0,11;0,53;6,2;123,8;113,1
;Emmanuel Mudiay;Uta;G;24,6;3;11,3;23,5;22;6,3;2;0,5;11;0,273;3;0,667;0,429;0,437;4,3;2;10,4;0,7;8,8;0;0,33;0,33;6,4;94;115
;Jamal Murray;Den;G;23,63;19;39,6;82,6;27,6;11,6;78;0,897;231;0,537;137;0,453;0,59;0,626;26,5;4,8;7,3;6,6;30;0,95;0,32;2,79;9,5;121,5;111,7
;Dzanan Musa;Bro;G-F;21,43;3;13,1;27,4;21,1;14,9;14;0,714;5;0,4;6;0;0,182;0,408;4,7;1;3,8;1,3;14,4;0;0,33;1;5,6;88;112,3
;Mike Muscala;Okc;F-C;29,28;2;9,9;20,6;4,4;0;0;0;1;0;1;1;0,75;0,75;1,5;2;10,6;0,5;7,2;0;0;0;4,6;158,8;101,2
;Abdel Nader;Okc;F;27,05;3;8,5;17,6;13,4;0;2;0,5;2;0;5;0,2;0,214;0,254;1,3;1;6,2;0;0;0,33;0,67;0;0;65,2;108,6
;Raul Neto;Phi;G;28,4;2;12,9;26,9;16,9;10;0;0;4;0,25;5;0,4;0,444;0,444;4;1,5;6,2;1,5;20,2;0,5;0;0,5;6,4;95,7;113,7
;Georges Niang;Uta;F;27,32;7;16,3;34;19,2;4,3;2;1;15;0,667;29;0,414;0,636;0,646;8,3;2,1;7,7;0,6;5,6;0;0,14;0,29;5,4;127,7;107,8
;Joakim Noah;Lac;F-C;35,63;2;1;2;0;;0;0;0;0;0;0;;;0;0;0;0;0;0;0;0;0;;
;Nerlens Noel;Okc;C-F;26,51;7;13,9;28,9;10,4;8,5;10;0,5;16;0,5;1;0;0,471;0,491;3;4,1;15,6;0,4;4,6;0,29;0,71;0,29;4,9;106,8;93
;Kendrick Nunn;Mia;G;25,19;15;15,9;33,2;20,4;11,2;8;1;49;0,49;43;0,279;0,457;0,482;6,1;2,1;7,7;1,3;13,3;0,2;0,2;0,8;6,4;94,5;105,4
;Jusuf Nurkic;Por;C;26,14;5;32,3;67,2;20,7;16,2;23;0,783;46;0,478;11;0,273;0,465;0,529;14,2;10,6;17,3;3,6;17,8;1,4;0,2;2,6;10,1;108;100,9
;Semi Ojeleye;Bos;F;25,85;13;9,4;19,6;10,9;3,3;2;1;5;0,4;23;0,217;0,339;0,364;1,6;0,9;5,5;0,1;1,1;0,23;0;0,08;2,2;81,8;105,5
;Victor Oladipo;Ind;G;28,44;4;30,6;63,8;28,9;18,2;16;0,938;23;0,435;33;0,364;0,5;0,563;17,8;3,3;6,2;2,5;14,1;2,25;0;3,5;6,9;96,2;98,6
;Kelly Olynyk;Mia;C;29,48;17;15,2;31,7;21,1;10,8;28;0,821;46;0,609;49;0,347;0,563;0,606;7,6;4,6;17,6;1,1;12,2;0,24;0,47;0,76;8,9;116,6;96,2
;Royce O'Neale;Uta;F;27,35;7;35,5;74;9;27,3;6;0,5;10;0,3;22;0,455;0,563;0,563;5,6;5,4;9;2,7;10;1,29;0,29;1,86;4,9;99;102
;Miye Oni;Uta;G-F;23,19;2;7;14,6;23,4;14,3;0;0;2;1;4;0,25;0,583;0,583;3,5;2;16,7;0;0;0,5;0,5;0,5;0;108,1;94,9
;Kyle O'Quinn;Phi;C-F;30,55;1;5,7;11,9;15,3;100;0;0;0;0;0;0;;;0;1;9,4;1;25,3;0;0;2;0;;57,1
;Patrick Patterson;Lac;F;31,58;2;4,9;10,1;13,5;0;0;0;0;0;3;1;1,5;1,5;4,5;0,5;5,7;2;76,9;0;0;0;13,5;280,1;103,6
;Chris Paul;Okc;G;35,44;7;37,3;77,7;24,2;15,7;26;0,885;69;0,565;43;0,372;0,563;0,604;21,3;7,4;10,4;5,3;26,1;1,57;0,43;3,29;10,1;111,2;102,5
;Norvel Pelle;Phi;F;27,69;1;6,5;13,5;0;;0;0;0;0;0;0;;;0;0;0;0;0;1;1;0;0;;108,4
;Mason Plumlee;Den;F-C;30,61;19;10,9;22,6;12,2;19,9;12;0,667;38;0,5;1;0;0,487;0,519;2,4;3,2;17,6;1,3;17;0,21;0,42;0,58;7,9;119,6;94,6
;Vincent Poirier;Bos;C-F;26,96;1;1,8;3,8;0;;0;0;0;0;0;0;;;0;0;0;1;70,4;1;0;0;0;;
;Michael Porter Jr.;Den;F;22,29;19;23,7;49,5;20,6;12,2;35;0,743;75;0,587;89;0,382;0,579;0,602;11,4;6,7;16,7;0,8;5,6;0,68;0,32;1,32;6,6;110,6;102,7
;Kristaps Porzingis;Dal;F-C;25,2;3;31,5;65,6;24,2;5,6;23;0,87;23;0,522;17;0,529;0,638;0,708;23,7;8,7;15;0,7;3,3;0;1;1;6,7;137,8;104,3
;Norman Powell;Tor;G;27,38;11;24,8;51,7;20,6;8,6;29;0,793;52;0,558;52;0,423;0,596;0,629;13,4;2,4;5,1;1;6,6;0,55;0,27;1;5,1;116,7;100,4
;Josh Reaves;Dal;G-F;23,36;2;4,6;9,5;23,1;20,5;2;1;2;0,5;1;0;0,333;0,515;2;1;12;0,5;14,6;0;0,5;0,5;8,7;95,8;103,2
;Josh Richardson;Phi;G;27,07;4;36,1;75,1;21,7;11,1;18;0,944;28;0,357;28;0,357;0,446;0,524;16,8;3,8;5,6;3,3;16,3;0,5;0,5;2;6,6;107,3;107,2
;Austin Rivers;Hou;G;28,2;12;17,6;36,6;15,9;10,7;13;0,769;26;0,385;35;0,257;0,385;0,427;4,8;2,5;7,9;1,3;11,1;0,58;0,08;0,67;5,7;90,9;103,1
;Andre Roberson;Okc;G-F;28,86;1;3,4;7,1;12,7;0;0;0;0;0;1;0;0;0;0;0;0;0;0;0;0;0;0;;
;Duncan Robinson;Mia;F;26,47;21;28,6;59,5;15,8;7,7;38;0,868;20;0,65;156;0,397;0,602;0,636;11,7;2,8;5,6;1,8;9,7;0,67;0,29;0,76;5,4;121,7;103,3
;Rajon Rondo;Lal;G;34,64;16;24,7;51,5;18;20,8;19;0,684;71;0,493;50;0,4;0,537;0,553;8,9;4,3;10,3;6,6;37,1;1,44;0,13;2,13;10,2;114,2;99,9
;Terrence Ross;Orl;G-F;29,68;5;27;56,3;24,7;10,2;14;0,857;34;0,588;30;0,333;0,547;0,584;16,4;4,4;8,4;1;6,7;0,8;0,2;1,6;6,2;105,8;101,8
;JaKarr Sampson;Ind;F;27,56;4;12,5;25,9;16,6;11,1;0;0;16;0,625;0;0;0,625;0,625;5;3,3;15,3;1;14,4;0,5;0;0,5;8,1;115,6;86,7
;Dennis Schroder;Okc;G;27,07;7;32,4;67,5;26;12,4;25;0,8;64;0,484;45;0,289;0,463;0,504;17,3;3,7;6;3,6;19,7;0,57;0,14;2,43;7,6;97,8;106,5
;Mike Scott;Phi;F;32,24;4;5;10,4;14,8;0;4;1;3;0,333;2;0;0,2;0,444;1,5;2;21,6;0,3;7,8;0;0;0;7,7;119,8;100,7
;Landry Shamet;Lac;G;23,58;13;18,7;39;13,5;17,3;7;0,714;17;0,529;42;0,357;0,534;0,548;5,2;1,7;5;1,3;9,4;0,46;0,23;1;4,8;99,1;105,6
;Pascal Siakam;Tor;F;26,53;11;38;79,2;23,6;9,8;46;0,717;129;0,481;53;0,189;0,423;0,462;17;7,5;10,7;3,8;16;1,09;0,36;2;8,3;96,6;100,4
;Anfernee Simons;Por;G;21,35;4;20,5;42,7;16,6;12,3;6;0,833;12;0,167;14;0,429;0,423;0,471;6,8;2,8;7,1;2,5;17,8;1,5;0;1;7,1;101,7;107,9
;Marcus Smart;Bos;G;26,6;17;38,1;79,4;18,4;16,8;56;0,875;75;0,493;123;0,333;0,497;0,552;14,5;5,2;7,7;4,6;18;1,24;0,47;2,65;7,4;106,7;102,5
;JR Smith;Lal;G;35,09;10;7,5;15,6;19,2;21,2;0;0;4;0,25;22;0,273;0,385;0,385;2;0,3;2,4;0,3;5,3;0,2;0;0,7;3;65,9;98,5
;Edmond Sumner;Ind;G;24,78;3;13,5;28,1;11,2;20,2;2;1;4;0,5;3;0;0,286;0,381;2;2;8,7;0;0;0;0;0,67;0;69,7;101,6
;Jayson Tatum;Bos;F-G;22,61;17;40,6;84,6;28,2;11;123;0,813;208;0,471;126;0,373;0,504;0,563;25,7;10;13,8;5;21,3;1;1,18;2,82;10,7;112,5;103,1
;Garrett Temple;Bro;G-F;34,43;4;34,3;71,5;17,3;10,4;6;0,833;13;0,615;36;0,25;0,439;0,465;12;2,8;4;2;9,2;0,75;0,25;1,5;4,7;91,8;106,4
;Daniel Theis;Bos;F;28,52;17;28,3;59,1;13,6;10,2;33;0,788;91;0,626;26;0,154;0,538;0,578;8,9;7,1;14,1;1,5;7,8;0,35;1,24;0,88;6,4;119,8;96,1
;Lance Thomas;Bro;F;32,47;3;5,7;11,9;16,2;0;4;0,5;3;0,333;2;0;0,2;0,296;1,3;1;8,8;0;0;0;0,33;0;0;75,5;103,5
;Matt Thomas;Tor;G;26,19;10;8,4;17,5;11,5;4,5;0;0;9;0,889;12;0,417;0,738;0,738;3,1;1,4;9;0,7;12,9;0,1;0,1;0,1;6,9;145,5;102,5
;Matisse Thybulle;Phi;G-F;23,61;4;18,9;39,3;5,2;22,2;0;0;3;0,667;4;0,25;0,5;0,5;1,8;1,8;5;0,5;4,1;0,75;0,25;0,5;2,5;90,6;105,8
;Gary Trent Jr.;Por;G-F;21,73;5;30,6;63,7;14,5;9,4;7;0,857;21;0,286;24;0,417;0,467;0,499;9,6;2;3,4;0,6;2,9;0,8;0;1;3;100,9;111,2
;P.J. Tucker;Hou;F;35,44;12;34,5;71,9;10,8;12;0;0;21;0,476;67;0,373;0,54;0,54;7,9;7,2;11,6;1,4;6;1,08;0,25;1;5;111,3;101,7
;Rayjon Tucker;Uta;G;23,05;2;5,6;11,6;25,3;16,7;0;0;2;0,5;3;0,333;0,5;0,5;2,5;0;0;0;0;0;0;0,5;0;80,1;109,2
;Myles Turner;Ind;C-F;24,55;4;36,4;75,8;19;15;16;0,438;30;0,633;14;0,429;0,636;0,617;15,8;10,8;17,3;0,8;3,5;0,5;4;2,25;5,7;108,8;101,3
;Fred VanVleet;Tor;G;26,63;11;39,1;81,4;22,9;9,9;25;0,84;80;0,413;110;0,391;0,513;0,537;19,6;4,4;6;6,9;28,4;1,64;0,64;2;8,6;112;103,3
;Gabe Vincent;Mia;G;24,33;1;0,3;0,6;0;;0;0;0;0;0;0;;;0;0;0;0;0;0;0;0;0;;
;Noah Vonleh;Den;F;25,13;1;3,1;6,5;14,7;0;0;0;1;0;0;0;0;0;0;0;0;0;0;0;0;0;0;;
;Nikola Vucevic;Orl;C;29,97;5;36,9;77;29,8;10,1;11;0,909;67;0,567;44;0,409;0,586;0,604;28;11;15,3;4;23;0,8;0,6;2,6;11,6;113;103,5
;Dion Waiters;Lal;G;28,84;5;7,6;15,8;16;7,2;2;1;8;0,5;4;0;0,333;0,388;2;0,4;3,1;0,4;7,1;0,2;0,2;0,2;3,6;84,5;108,3
;Kemba Walker;Bos;G;30,43;17;36,9;76,9;23;9,9;81;0,852;130;0,569;126;0,31;0,518;0,573;19,6;4,1;6,2;5,1;22,5;0,88;0,41;1,88;8,1;116,9;105,5
;Brad Wanamaker;Bos;G;31,22;17;16;33,4;13,9;21,2;16;0,875;33;0,515;27;0,444;0,583;0,626;4,9;2;7;1,8;16,1;0,71;0,29;1,06;6,5;111,5;98,3
;T.J. Warren;Ind;F;27,1;4;39,1;81,4;24,4;13,3;9;1;49;0,51;19;0,368;0,522;0,556;20;6,3;9,4;3;13,8;2,25;0,25;2,75;7,4;102,8;100,2
;Tremont Waters;Bos;G;22,75;1;2,4;5;18,6;0;0;0;0;0;1;0;0;0;0;1;23,4;1;52,8;0;0;0;0;;
;Paul Watson;Tor;G;25,78;2;4,4;9,1;10,1;0;0;0;2;0,5;0;0;0,5;0,5;1;0;0;0,5;16,8;0,5;0;0;0;120,2;109
;Russell Westbrook;Hou;G;31,91;8;32,7;68,2;31,5;16,3;32;0,531;107;0,477;33;0,242;0,45;0,464;17,9;7;11,9;4,6;25,8;1,5;0,25;3,75;10,2;90,6;103
;Hassan Whiteside;Por;C;31,33;5;21,2;44,2;14,2;16,6;14;0,5;23;0,522;1;1;0,563;0,564;6,8;7;17,4;0,4;2,9;0,2;2;1,2;5;104,6;98,6
;Robert Williams III;Bos;C-F;22,99;13;11,5;23,9;12,2;17,2;6;0,333;30;0,767;1;0;0,742;0,713;3,7;3,9;19,2;0,8;10,6;0,23;0,46;0,54;7,9;136,1;97,1
;Nigel Williams-Goss;Uta;G;26,07;1;2,4;5;0;;0;0;0;0;0;0;;;0;0;0;1;50,9;0;0;0;0;;
;Grant Williams;Bos;F;21,87;17;10;20,8;9,1;11,6;10;0,7;9;0,556;17;0,588;0,769;0,773;2,8;1,5;8,6;0,4;5;0,12;0,29;0,24;4,8;143,4;91,9
;Lou Williams;Lac;G;33,96;13;26,2;54,7;23,5;11,5;37;0,811;95;0,526;51;0,235;0,466;0,511;12,8;3,2;6,7;4,2;24,3;0,69;0,15;1,62;8,5;107,4;107,5
;Marvin Williams;Mil;F;34,32;10;17,9;37,2;12,4;5,8;3;1;24;0,458;23;0,435;0,553;0,569;5,5;4,8;14,4;0,9;7,1;0,5;0,3;0,3;6,4;123,6;97,9
;Delon Wright;Dal;G;28,46;4;13,3;27,7;13,9;29,1;5;0,6;8;0,625;2;0,5;0,65;0,656;4;0,8;3,1;1,8;17,5;1,25;0;1,25;5,4;107,5;110,3
;Ivica Zubac;Lac;C;23,57;13;24,6;51,3;14,5;11,3;37;0,811;78;0,564;0;0;0,564;0,626;9,1;7,2;16,2;0,6;3,5;0,15;0,77;0,92;5,5;126,1;100,3