code_postal;ville
76600;LE HAVRE
42130;ST SIXTE
40150;SOORTS HOSSEGOR
66310;ESTAGEL
57530;SERVIGNY LES RAVILLE
69370;ST DIDIER AU MONT D OR
78160;MARLY LE ROI
92300;LEVALLOIS PERRET
35000;RENNES
64300;ORTHEZ
95650;PUISEUX PONTOISE
78100;ST GERMAIN EN LAYE
95370;MONTIGNY LES CORMEILLES
24000;PERIGUEUX
34170;CASTELNAU LE LEZ
75011;PARIS
94450;LIMEIL BREVANNES
47450;COLAYRAC ST CIRQ
93600;AULNAY SOUS BOIS
69003;LYON
38430;MOIRANS
40800;AIRE SUR L ADOUR
62200;BOULOGNE SUR MER
66750;ST CYPRIEN
42480;LA FOUILLOUSE
74190;PASSY
97150;ST MARTIN
84100;ORANGE
77200;TORCY
55200;BONCOURT SUR MEUSE
24560;PLAISANCE
74400;CHAMONIX MONT BLANC
72000;LE MANS
43200;YSSINGEAUX
69400;VILLEFRANCHE SUR SAONE
75017;PARIS
29000;QUIMPER
75003;PARIS
44240;LA CHAPELLE SUR ERDRE
77330;OZOIR LA FERRIERE
30800;ST GILLES
38550;AUBERIVES SUR VAREZE
45140;ORMES
83210;SOLLIES PONT
91160;CHAMPLAN
27200;VERNON
40990;ST PAUL LES DAX
1000;BOURG EN BRESSE
62280;SAINT MARTIN BOULOGNE
38100;GRENOBLE
84000;AVIGNON
77300;FONTAINEBLEAU
84160;LOURMARIN
74500;EVIAN LES BAINS
13005;MARSEILLE
74200;THONON LES BAINS
75008;PARIS
81710;SAIX
33560;STE EULALIE
6800;CAGNES SUR MER
63200;MOZAC
1200;VALSERHONE
77520;MONS EN MONTOIS
62129;THEROUANNE
71000;MACON
53240;ST JEAN SUR MAYENNE
76500;ELBEUF
2390;ORIGNY STE BENOITE
38000;GRENOBLE
57620;GOETZENBRUCK
93300;AUBERVILLIERS
78420;CARRIERES SUR SEINE
82300;CAUSSADE
40280;ST PIERRE DU MONT
31300;TOULOUSE
34130;ST AUNES
42270;SAINT PRIEST EN JAREZ
83170;BRIGNOLES
74300;CLUSES
3380;QUINSSAINES
48370;ST GERMAIN DE CALBERTE
63000;CLERMONT FERRAND
15400;RIOM ES MONTAGNES
33700;MERIGNAC
70150;MARNAY
31600;MURET
83720;TRANS EN PROVENCE
52190;OCCEY
73000;CHAMBERY
60180;NOGENT SUR OISE
51100;REIMS
1120;MONTLUEL
92230;GENNEVILLIERS
69850;ST MARTIN EN HAUT
75116;PARIS
92140;CLAMART
13290;AIX EN PROVENCE
67980;HANGENBIETEN
56680;PLOUHINEC
73490;LA RAVOIRE
83700;ST RAPHAEL
24100;BERGERAC
92400;COURBEVOIE
59730;SOLESMES
90000;BELFORT
78590;NOISY LE ROI
1300;CHAZEY BONS
94619;RUNGIS CEDEX 1
91940;LES ULIS
72800;AUBIGNE RACAN
93110;ROSNY SOUS BOIS
57915;WOUSTVILLER
92380;GARCHES
44600;ST NAZAIRE
37100;TOURS
64600;ANGLET
75006;PARIS
69760;LIMONEST
63170;AUBIERE
3600;COMMENTRY
75010;PARIS
73390;CHATEAUNEUF
49500;SEGRE EN ANJOU BLEU
38570;GONCELIN
5000;GAP
42140;CHAZELLES SUR LYON
1700;BEYNOST
87200;ST JUNIEN
34000;MONTPELLIER
13120;GARDANNE
92190;MEUDON
77400;ST THIBAULT DES VIGNES
94700;MAISONS ALFORT
95800;CERGY
94160;ST MANDE
95350;ST BRICE SOUS FORET
49000;ANGERS
75002;PARIS
4200;PEIPIN
84120;PERTUIS
16120;BELLEVIGNE
70190;RIOZ
47000;AGEN
69200;VENISSIEUX
50000;ST LO
84300;CAVAILLON
11100;NARBONNE
97410;ST PIERRE
38230;CHARVIEU CHAVAGNEUX
66280;SALEILLES
69140;RILLIEUX LA PAPE
38130;ECHIROLLES
25300;PONTARLIER
59550;LANDRECIES
76290;MONTIVILLIERS
81200;MAZAMET
1400;CHATILLON SUR CHALARONNE
78830;BONNELLES
81100;CASTRES
39100;CHOISEY
56890;PLESCOP
3230;LUSIGNY
33370;ARTIGUES PRES BORDEAUX
2500;BUIRE
91250;TIGERY
30127;BELLEGARDE
32550;PAVIE
67000;STRASBOURG
34920;LE CRES
84200;CARPENTRAS
12450;LUC LA PRIMAUBE
22120;YFFINIAC
57190;FLORANGE
78290;CROISSY SUR SEINE
75007;PARIS
69330;MEYZIEU
62800;LIEVIN
80000;AMIENS
75015;PARIS
26120;MONTELIER
47190;AIGUILLON
94380;BONNEUIL SUR MARNE
59570;LA LONGUEVILLE
13015;MARSEILLE
37000;TOURS
38490;LES ABRETS EN DAUPHINE
59230;ROSULT
31290;AVIGNONET LAURAGAIS
75009;PARIS
57290;FAMECK
42450;SURY LE COMTAL
78380;BOUGIVAL
31240;ST JEAN
94300;VINCENNES
14610;CAIRON
95000;CERGY
59273;FRETIN
10240;NOGENT SUR AUBE
91380;CHILLY MAZARIN
28110;LUCE
94150;RUNGIS
59200;TOURCOING
97450;ST LOUIS
83000;TOULON
81240;LACABAREDE
37170;CHAMBRAY LÈS TOURS
42000;ST ETIENNE
70000;VESOUL
17630;LA FLOTTE
75005;PARIS
31000;TOULOUSE
83160;LA VALETTE DU VAR
75004;PARIS
24110;SAINT ASTIER
13090;AIX EN PROVENCE
63110;BEAUMONT
75001;PARIS
69150;DECINES CHARPIEU
74650;CHAVANOD
81700;PUYLAURENS
59310;AIX EN PEVELE
74700;SALLANCHES
73100;AIX LES BAINS
13170;LES PENNES MIRABEAU
7250;LE POUZIN
42100;ST ETIENNE
33330;ST SULPICE DE FALEYRENS
84470;CHATEAUNEUF DE GADAGNE
86000;POITIERS
13011;MARSEILLE
31100;TOULOUSE
4100;MANOSQUE
13400;AUBAGNE
93190;LIVRY GARGAN
10400;LE MERIOT
73240;SAINT GENIX LES VILLAGES
33000;BORDEAUX
39570;MONTMOROT
34140;MEZE
6250;MOUGINS
34830;JACOU
34470;PEROLS
79300;BRESSUIRE
69250;MONTANAY
34980;ST CLEMENT DE RIVIERE
97480;ST JOSEPH
31650;ST ORENS DE GAMEVILLE
25400;AUDINCOURT
92200;NEUILLY SUR SEINE
34970;LATTES
62223;ST LAURENT BLANGY
21220;GEVREY CHAMBERTIN
59300;VALENCIENNES
59113;SECLIN
95520;OSNY
58000;NEVERS
14330;LE MOLAY LITTRY
13009;MARSEILLE
6200;NICE
45490;CORBEILLES
79000;NIORT
40380;ST GEOURS D AURIBAT
6600;ANTIBES
17000;LA ROCHELLE
62000;DAINVILLE
73620;HAUTELUCE
85300;CHALLANS
69440;MORNANT
36400;LA CHATRE
84700;SORGUES
60280;MARGNY LES COMPIEGNE
77185;LOGNES
95270;VIARMES
14430;BEUVRON EN AUGE
49300;CHOLET
83860;NANS LES PINS
74600;ANNECY
9600;LERAN
20000;AJACCIO
39300;CHAMPAGNOLE
38220;VIZILLE
27230;THIBERVILLE
81000;ALBI
45300;PITHIVIERS
63500;ISSOIRE
26600;TAIN L HERMITAGE
92110;CLICHY
1310;ST REMY
17250;PONT L ABBE D ARNOULT
77290;MITRY MORY
30400;VILLENEUVE LES AVIGNON
78200;BUCHELAY
54140;JARVILLE LA MALGRANGE
9000;FOIX
69800;ST PRIEST
74960;ANNECY
56430;MAURON
66000;PERPIGNAN
50680;VILLIERS FOSSARD
70300;LUXEUIL LES BAINS
92100;BOULOGNE BILLANCOURT
73321;TIGNES CEDEX
75014;PARIS
26140;ST RAMBERT D ALBON
17520;BRIE SOUS ARCHIAC
85290;MORTAGNE SUR SEVRE
46320;ISSEPTS
91580;VILLENEUVE SUR AUVERS
77190;DAMMARIE LES LYS
86170;NEUVILLE DE POITOU
44860;PONT ST MARTIN
56100;LORIENT
42700;FIRMINY
60210;GRANDVILLIERS
10180;ST LYE
34120;NEZIGNAN L EVEQUE
33500;LIBOURNE
54190;TIERCELET
44500;LA BAULE
4860;PIERREVERT
73550;LES ALLUES
45530;VITRY AUX LOGES
59280;BOIS GRENIER
65000;TARBES
92212;ST CLOUD CEDEX
78520;LIMAY
93700;DRANCY
63490;SAUXILLANGES
83830;BARGEMON
76150;MAROMME
33220;STE FOY LA GRANDE
97232;LE LAMENTIN
33270;BOULIAC
75016;PARIS
66110;AMELIE LES BAINS PALALDA
59930;LA CHAPELLE D ARMENTIERES
94140;ALFORTVILLE
9100;PAMIERS
69337;LYON CEDEX 09
41260;LA CHAUSSEE ST VICTOR
9200;SAINT GIRONS
38522;ST EGREVE CEDEX
1170;CESSY
69500;BRON
74350;ALLONZIER LA CAILLE
25370;LES HOPITAUX VIEUX
20137;PORTO VECCHIO
21600;LONGVIC
40500;ST SEVER
69970;CHAPONNAY
74920;COMBLOUX
40130;CAPBRETON
9190;ST LIZIER
22360;LANGUEUX
91800;BRUNOY
55100;VERDUN
85340;LES SABLES D OLONNE
80440;BOVES
69791;ST PRIEST CEDEX
80700;LAUCOURT
44150;ANCENIS ST GEREON
6000;NICE
91220;BRETIGNY SUR ORGE
66240;ST ESTEVE
78180;MONTIGNY LE BRETONNEUX
39130;LARGILLAY MARSONNAY
33920;ST CHRISTOLY DE BLAYE
75018;PARIS
18170;REZAY
42230;ROCHE LA MOLIERE
42210;MONTROND LES BAINS
66200;THEZA
51500;RILLY LA MONTAGNE
64130;MAULEON SOULE
51800;STE MENEHOULD
31770;COLOMIERS
30600;VAUVERT
85320;BESSAY
93240;STAINS
56800;PLOERMEL
51150;TOURS SUR MARNE
62600;BERCK
68460;LUTTERBACH
68100;MULHOUSE
94370;SUCY EN BRIE
64122;URRUGNE
28250;DIGNY
34310;QUARANTE
69002;LYON
54000;NANCY
38510;COURTENAY
60200;COMPIEGNE
2100;ST QUENTIN
21130;ST SEINE EN BACHE
56660;ST JEAN BREVELAY
48600;GRANDRIEU
25200;MONTBELIARD
36100;ISSOUDUN
74000;ANNECY
1710;THOIRY
31150;LESPINASSE
28300;COLTAINVILLE
35500;VITRE
26200;MONTELIMAR
67600;SELESTAT
31140;ST ALBAN
64000;PAU
13006;MARSEILLE
38170;SEYSSINET PARISET
16700;LA FAYE
59140;DUNKERQUE
80250;GRIVESNES
62170;CAMPIGNEULLES LES PETITES
92330;SCEAUX
77100;NANTEUIL LES MEAUX
92350;LE PLESSIS ROBINSON
35650;LE RHEU
27150;ETREPAGNY
75012;PARIS
43700;COUBON
69006;LYON
95300;PONTOISE
86340;NOUAILLE MAUPERTUIS
43400;LE CHAMBON SUR LIGNON
92500;RUEIL MALMAISON
39000;LONS LE SAUNIER
83400;HYERES
49510;BEAUPREAU EN MAUGES
16130;LIGNIERES SONNEVILLE
51510;FAGNIERES
78500;SARTROUVILLE
21320;POUILLY EN AUXOIS
29252;PLOUEZOC H
21200;BEAUNE
72200;LA FLECHE
19000;TULLE
17400;ST JEAN D ANGELY
84140;AVIGNON
35200;RENNES
33480;MOULIS EN MEDOC
72460;SAVIGNE L EVEQUE
83480;PUGET SUR ARGENS
76230;ISNEAUVILLE
26000;VALENCE
89290;CHAMPS SUR YONNE
93160;NOISY LE GRAND
91140;VILLEBON SUR YVETTE
91700;STE GENEVIEVE DES BOIS
33190;LA REOLE
49070;BEAUCOUZE
16300;BARBEZIEUX ST HILAIRE
38120;ST EGREVE
50810;SAINT JEAN D'ELLE
38540;HEYRIEUX
40100;DAX
44140;GENESTON
56510;ST PIERRE QUIBERON
45190;TAVERS
1390;ST ANDRE DE CORCY
33185;LE HAILLAN
14160;PERIERS EN AUGE
38150;ROUSSILLON
17220;ST ROGATIEN
2400;CHATEAU THIERRY
59810;LESQUIN
33420;ST AUBIN DE BRANNE
47520;LE PASSAGE
60530;NEUILLY EN THELLE
71260;LUGNY
83370;FREJUS
94130;NOGENT SUR MARNE
54200;TOUL
64100;BAYONNE
14100;MAROLLES
6130;GRASSE
59650;VILLENEUVE D ASCQ
84110;ST ROMAIN EN VIENNOIS
66190;COLLIOURE
60160;MONTATAIRE
94170;LE PERREUX SUR MARNE
45130;MEUNG SUR LOIRE
44430;LE LANDREAU
88560;ST MAURICE SUR MOSELLE
49130;LES PONTS DE CE
97424;ST LEU
42160;ANDREZIEUX BOUTHEON
73420;VOGLANS
54840;BOIS DE HAYE
26760;MONTELEGER
84370;BEDARRIDES
94240;L HAY LES ROSES
11300;LA DIGNE D AVAL
48000;MENDE
85000;MOUILLERON LE CAPTIF
62140;MOURIEZ
65500;CAMALES
26170;MONTGUERS
66160;LE BOULOU
93100;MONTREUIL
82500;BEAUMONT DE LOMAGNE
42400;ST CHAMOND
37600;LOCHES
41200;ROMORANTIN LANTHENAY
47390;LAYRAC
17200;ROYAN
35520;LA MEZIERE
47200;ST PARDOUX DU BREUIL
22700;ST QUAY PERROS
78960;VOISINS LE BRETONNEUX
78700;CONFLANS STE HONORINE
42110;FEURS
31120;ROQUES
15000;AURILLAC
83470;ST MAXIMIN LA STE BAUME
8000;CHARLEVILLE MEZIERES
38500;VOIRON
80390;FRESSENNEVILLE
50300;AVRANCHES
18400;SAINT FLORENT SUR CHER
77130;MONTEREAU FAULT YONNE
38070;ST QUENTIN FALLAVIER
59400;CAMBRAI
84450;ST SATURNIN LES AVIGNON
78310;COIGNIERES
44800;ST HERBLAIN
34500;BEZIERS
38110;LA BATIE MONTGASCON
64990;VILLEFRANQUE
11000;CARCASSONNE
50160;TORIGNY LES VILLES
83110;SANARY SUR MER
38200;VIENNE
87230;BUSSIERE GALANT
43000;LE PUY EN VELAY
36330;LE POINCONNET
2600;VILLERS COTTERETS
60230;CHAMBLY
49120;CHEMILLÉ EN ANJOU
79370;CELLES SUR BELLE
76660;GRANDCOURT
14650;CARPIQUET
42170;ST JUST ST RAMBERT
92120;MONTROUGE
17100;SAINTES
35730;PLEURTUIT
33450;IZON
38270;BEAUREPAIRE
74370;EPAGNY METZ TESSY
94572;RUNGIS CEDEX 2
52100;ST DIZIER
40480;VIEUX BOUCAU LES BAINS
83560;VINON SUR VERDON
14310;VILLERS BOCAGE
52320;MARBEVILLE
31180;ROUFFIAC TOLOSAN
97400;ST DENIS
84190;BEAUMES DE VENISE
19200;USSEL
45160;OLIVET
41350;ST GERVAIS LA FORET
69230;ST GENIS LAVAL
76340;BLANGY SUR BRESLE
34110;FRONTIGNAN
14500;VIRE NORMANDIE
82400;VALENCE D AGEN
54113;MOUTROT
49240;AVRILLE
36340;CLUIS
83130;LA GARDE
31200;TOULOUSE
38330;MONTBONNOT ST MARTIN
66720;CARAMANY
67640;FEGERSHEIM
30200;BAGNOLS SUR CEZE
82700;MONTECH
28290;COMMUNE NOUVELLE D ARROU
34080;MONTPELLIER
73700;BOURG ST MAURICE
35510;CESSON SEVIGNE
13004;MARSEILLE
85400;STE GEMME LA PLAINE
67500;HAGUENAU
20240;GHISONACCIA
56350;RIEUX
1560;ST TRIVIER DE COURTES
21190;MEURSAULT
97419;LA POSSESSION
54180;HOUDEMONT
64500;ST JEAN DE LUZ
67400;ILLKIRCH GRAFFENSTADEN
92800;PUTEAUX
76120;LE GRAND QUEVILLY
7400;LE TEIL
58500;CLAMECY
46130;BIARS SUR CERE
29510;BRIEC
64121;SERRES CASTET
88380;ARCHES
33320;EYSINES
31620;CASTELNAU D ESTRETEFONDS
44310;ST PHILBERT DE GRAND LIEU
34350;VENDRES
71400;AUTUN
76280;ST JOUIN BRUNEVAL
95310;ST OUEN L AUMONE
44220;COUERON
78000;VERSAILLES
94800;VILLEJUIF
54350;MONT ST MARTIN
42600;MONTBRISON
91310;MONTLHERY
28000;CHARTRES
53700;LOUPFOUGERES
40360;POMAREZ
71320;CUZY
13001;MARSEILLE
95220;PIERRELAYE
53150;MONTSURS
82000;MONTAUBAN
45770;SARAN
91300;MASSY
62130;ST POL SUR TERNOISE
14140;LISORES
53600;EVRON
90500;BEAUCOURT
94043;CRETEIL CEDEX
69720;SAINT LAURENT DE MURE
7300;TOURNON SUR RHONE
13480;CABRIES
31660;BESSIERES
25460;ETUPES
13122;VENTABREN
38300;BOURGOIN JALLIEU
38240;MEYLAN
36200;ARGENTON SUR CREUSE
89510;VERON
25870;CHATILLON LE DUC
44400;REZE
76920;AMFREVILLE LA MI VOIE
59218;POIX DU NORD
50400;GRANVILLE
69730;GENAY
13008;MARSEILLE
69700;BEAUVALLON
53200;CHATEAU GONTIER SUR MAYENNE
21000;DIJON
88200;ST NABORD
62120;NORRENT FONTES
2580;ETREAUPONT
66700;ARGELES SUR MER
59193;ERQUINGHEM LYS
34790;GRABELS
34540;BALARUC LE VIEUX
71210;MONTCHANIN
33680;LE PORGE
62440;HARNES
4130;VOLX
83500;LA SEYNE SUR MER
69130;ECULLY
74130;BONNEVILLE
27100;VAL DE REUIL
80420;FLIXECOURT
74410;ST JORIOZ
30900;NIMES
91620;NOZAY
13830;ROQUEFORT LA BEDOULE
92000;NANTERRE
6410;BIOT
74800;LA ROCHE SUR FORON
69300;CALUIRE ET CUIRE
54710;LUDRES
76190;YVETOT
52000;CHAUMONT
59630;BOURBOURG
50560;BLAINVILLE SUR MER
69270;ST ROMAIN AU MONT D OR
33300;BORDEAUX
18200;NOZIERES
49420;OMBREE D ANJOU
72560;CHANGÉ
67202;WOLFISHEIM
30310;VERGEZE
67118;GEISPOLSHEIM
83230;BORMES LES MIMOSAS
25210;LE RUSSEY
87000;LIMOGES
47300;BIAS
24600;RIBERAC
57100;THIONVILLE
33250;PAUILLAC
35700;RENNES
84800;L ISLE SUR LA SORGUE
24800;THIVIERS
3340;ST GERAND DE VAUX
6740;CHATEAUNEUF GRASSE
1540;VONNAS
77700;CHESSY
91630;MAROLLES EN HUREPOIX
37140;BOURGUEIL
60480;THIEUX
77340;PONTAULT COMBAULT
84130;LE PONTET
87100;LIMOGES
91490;MOIGNY SUR ECOLE
69120;VAULX EN VELIN
95570;MOISSELLES
83600;FREJUS
1500;AMBERIEU EN BUGEY
78250;MEULAN EN YVELINES
64430;ALDUDES
44380;PORNICHET
29520;CHATEAUNEUF DU FAOU
82200;MOISSAC
27220;ST ANDRE DE L EURE
60100;CREIL
40170;ST JULIEN EN BORN
13810;EYGALIERES
1450;CERDON
16600;RUELLE SUR TOUVRE
91420;MORANGIS
12000;RODEZ
13800;ISTRES
75020;PARIS
69160;TASSIN LA DEMI LUNE
78790;HARGEVILLE
81220;DAMIATTE
28210;NOGENT LE ROI
11400;CASTELNAUDARY
49100;ANGERS
38630;CORBELIN
13330;PELISSANNE
45150;JARGEAU
89800;BEINE
18000;BOURGES
62750;LOOS EN GOHELLE
83140;SIX FOURS LES PLAGES
47360;PRAYSSAS
10700;ARCIS SUR AUBE
17430;ST HIPPOLYTE
61230;CROISILLES
94420;LE PLESSIS TREVISE
66530;CLAIRA
13500;MARTIGUES
36170;ST BENOIT DU SAULT
55101;VERDUN CEDEX
59660;MERVILLE
77320;LA FERTE GAUCHER
45590;ST CYR EN VAL
69190;ST FONS
13007;MARSEILLE
92357;LE PLESSIS ROBINSON CEDEX
59430;DUNKERQUE
50200;COUTANCES
94000;CRETEIL
42580;L ETRAT
31130;BALMA
74151;RUMILLY CEDEX
83510;LORGUES
21800;QUETIGNY
90400;BOTANS
3700;BELLERIVE SUR ALLIER
13100;AIX EN PROVENCE
88150;CHAVELOT
79200;PARTHENAY
29300;QUIMPERLE
53000;LAVAL
22000;ST BRIEUC
38290;LA VERPILLIERE
94320;THIAIS
40300;HASTINGUES
13370;MALLEMORT
46170;CASTELNAU MONTRATIER STE ALAUZIE
56500;MORÉAC
42360;PANISSIERES
13016;MARSEILLE
95130;FRANCONVILLE LA GARENNE
89450;ST PERE
78412;AUBERGENVILLE CEDEX
17180;PERIGNY
68000;COLMAR
13410;LAMBESC
31400;TOULOUSE
87510;NIEUL
50110;CHERBOURG EN COTENTIN
62610;BREMES
66650;BANYULS SUR MER
66170;ST FELIU D AVALL
44470;CARQUEFOU
59128;FLERS EN ESCREBIEUX
29200;BREST
44119;TREILLIERES
50340;FLAMANVILLE
35136;ST JACQUES DE LA LANDE
77120;COULOMMIERS
22100;QUEVERT
33133;GALGON
73120;COURCHEVEL
45700;VILLEMANDEUR
92423;VAUCRESSON CEDEX
65120;LUZ ST SAUVEUR
13890;MOURIES
15100;ST FLOUR
89000;AUXERRE
80480;DURY
97490;SAINT DENIS
72300;PARCE SUR SARTHE
91370;VERRIERES LE BUISSON
26290;DONZERE
44340;BOUGUENAIS
13300;SALON DE PROVENCE
46400;ST CERE
23000;GUERET
33110;LE BOUSCAT
14710;TREVIERES
16170;ROUILLAC
33470;LE TEICH
17160;BRIE SOUS MATHA
45800;ST JEAN DE BRAYE
49124;ST BARTHELEMY D ANJOU
85140;ESSARTS EN BOCAGE
78460;CHEVREUSE
93000;BOBIGNY
19140;UZERCHE
17600;LE GUA
2200;SOISSONS
27520;GRAND BOURGTHEROULDE
65350;BOULIN
30380;ST CHRISTOL LEZ ALES
1360;BELIGNEUX
41500;MER
78130;LES MUREAUX
69650;QUINCIEUX
64140;LONS
64800;COARRAZE
84400;APT
12100;COMPREGNAC
51470;ST MEMMIE
34070;MONTPELLIER
31800;LABARTHE INARD
28150;LES VILLAGES VOVEENS
60400;NOYON
38210;TULLINS
37700;ST PIERRE DES CORPS
1480;FAREINS
62260;AUCHEL
69009;LYON
6270;VILLENEUVE LOUBET
95230;SOISY SOUS MONTMORENCY
6160;ANTIBES
51000;CHALONS EN CHAMPAGNE
45200;MONTARGIS
25000;BESANCON
40660;MESSANGES
79210;MAUZE SUR LE MIGNON
45000;ORLEANS
31560;NAILLOUX
27940;PORT MORT
26210;ST SORLIN EN VALLOIRE
94190;VILLENEUVE ST GEORGES
43100;BRIOUDE
16210;ST AVIT
30700;UZES
44110;CHATEAUBRIANT
44320;ST PERE EN RETZ
13420;GEMENOS
35160;BRETEIL
19150;LAGUENNE SUR AVALOUZE
83150;BANDOL
1250;MONTAGNAT
37520;LA RICHE
70100;GRAY
59173;RENESCURE
50500;CARENTAN LES MARAIS
3500;ST POURCAIN SUR SIOULE
69680;CHASSIEU
65700;MAUBOURGUET
78300;POISSY
56640;ARZON
93250;VILLEMOMBLE
83310;COGOLIN
33120;ARCACHON
15130;ARPAJON SUR CERE
35400;ST MALO
72230;ARNAGE
73450;VALLOIRE
13520;LES BAUX DE PROVENCE
34800;CLERMONT L'HÉRAULT
13710;FUVEAU
73210;LA PLAGNE TARENTAISE
59440;SEMOUSIES
26800;ETOILE SUR RHONE
38190;FROGES
83440;MONTAUROUX
7130;ST PERAY
14390;CABOURG
67100;STRASBOURG
14000;CAEN
59168;BOUSSOIS
79500;MELLE
8200;SEDAN
74100;ANNEMASSE
82270;MONTPEZAT DE QUERCY
67160;WISSEMBOURG
42122;ST MARCEL DE FELINES
76000;ROUEN
38460;CREMIEU
92150;SURESNES
10160;PLANTY
31860;PINS JUSTARET
83740;LA CADIERE D AZUR
82290;LA VILLE DIEU DU TEMPLE
83300;DRAGUIGNAN
88000;EPINAL
1100;ARBENT
21160;MARSANNAY LA COTE
80200;PERONNE
63260;AIGUEPERSE
44980;STE LUCE SUR LOIRE
67200;STRASBOURG
4170;ST ANDRE LES ALPES
38760;VARCES ALLIERES ET RISSET
17390;LA TREMBLADE
26380;PEYRINS
59123;BRAY DUNES
73480;BONNEVAL SUR ARC
93200;ST DENIS
37400;AMBOISE
42150;LA RICAMARIE
18110;ST MARTIN D AUXIGNY
78350;JOUY EN JOSAS
33350;ST GENES DE CASTILLON
35760;SAINT GRÉGOIRE
6110;LE CANNET
93420;VILLEPINTE
42300;MABLY
47550;BOE
46090;FLAUJAC POUJOLS
49220;ERDRE EN ANJOU
62157;ALLOUAGNE
97118;ST FRANCOIS
93360;NEUILLY PLAISANCE
45460;BRAY ST AIGNAN
61400;MORTAGNE AU PERCHE
77000;MELUN
43330;ST FERREOL D AUROURE
44200;NANTES
12320;CONQUES EN ROUERGUE
44806;ST HERBLAIN CEDEX
17300;ROCHEFORT
59494;PETITE FORET
38640;CLAIX
16100;CHATEAUBERNARD
6500;MENTON
67240;BISCHWILLER
91120;PALAISEAU
74150;RUMILLY
83340;FLASSANS SUR ISSOLE
2870;BESNY ET LOIZY
41100;VENDOME
44680;STE PAZANNE
2190;CONDE SUR SUIPPE
66180;VILLENEUVE DE LA RAHO
70800;ST LOUP SUR SEMOUSE
49125;TIERCE
20200;BASTIA
93130;NOISY LE SEC
51170;COURVILLE
72170;JUILLE
18700;AUBIGNY SUR NERE
87170;ISLE
26130;ST PAUL TROIS CHATEAUX
16350;CHAMPAGNE MOUTON
32000;AUCH
27800;HARCOURT
80135;ST RIQUIER
81300;GRAULHET
92600;ASNIERES SUR SEINE
75019;PARIS
74940;ANNECY
33410;STE CROIX DU MONT
80340;BRAY SUR SOMME
40600;BISCARROSSE
92700;COLOMBES
64200;BIARRITZ
32600;L ISLE JOURDAIN
69007;LYON
57910;HAMBACH
51130;VERT TOULON
91976;COURTABOEUF CEDEX
91941;COURTABOEUF CEDEX
85610;CUGAND
3300;CUSSET
64320;BIZANOS
12170;REQUISTA
10800;ST JULIEN LES VILLAS
92360;MEUDON
37310;TAUXIGNY ST BAULD
66210;BOLQUERE
22600;LOUDEAC
14120;MONDEVILLE
95110;SANNOIS
24750;BOULAZAC ISLE MANOIRE
84500;BOLLENE
59112;CARNIN
44115;BASSE GOULAINE
69260;CHARBONNIERES LES BAINS
78230;LE PECQ
76590;BELMESNIL
38530;PONTCHARRA
93400;ST OUEN SUR SEINE
80100;ABBEVILLE
64230;LESCAR
77260;SEPT SORTS
62330;ISBERGUES
51460;COURTISOLS
63800;COURNON D AUVERGNE
1750;REPLONGES
77183;CROISSY BEAUBOURG
73600;MOUTIERS TARENTAISE
59330;ECLAIBES
34160;SUSSARGUES
8230;ROCROI
59880;ST SAULVE
38450;VIF
13200;ARLES
17740;STE MARIE DE RE
94400;VITRY SUR SEINE
13590;MEYREUIL
26770;ROUSSET LES VIGNES
83136;LA ROQUEBRUSSANNE
6650;OPIO
51160;AY CHAMPAGNE
30100;ALES
63100;CLERMONT FERRAND
44000;NANTES
38410;ST MARTIN D URIAGE
69380;CIVRIEUX D AZERGUES
21700;NUITS ST GEORGES
77360;VAIRES SUR MARNE
5600;GUILLESTRE
60260;LAMORLAYE
55000;BAR LE DUC
35170;BRUZ
91450;SOISY SUR SEINE
83390;PIERREFEU DU VAR
56000;VANNES
45380;LA CHAPELLE ST MESMIN
69008;LYON
51200;EPERNAY
46500;GRAMAT
94600;CHOISY LE ROI
59380;SOCX
69540;IRIGNY
13111;COUDOUX
59260;LEZENNES
38590;ST ETIENNE DE ST GEOIRS
33210;LANGON
33160;ST MEDARD EN JALLES
46230;CIEURAC
84210;ALTHEN DES PALUDS
6100;NICE
94430;CHENNEVIERES SUR MARNE
69780;TOUSSIEU
6510;BOUYON
93380;PIERREFITTE SUR SEINE
54480;CIREY SUR VEZOUZE
33710;ST TROJAN
76700;GONFREVILLE L ORCHER
59530;LE QUESNOY
33720;PODENSAC
76430;ST ROMAIN DE COLBOSC
44118;LA CHEVROLIERE
42540;ST JUST LA PENDUE
76100;ROUEN
1150;SAULT BRENAZ
59266;BANTEUX
32190;VIC FEZENSAC
75013;PARIS
33600;PESSAC
59181;STEENWERCK
94230;CACHAN
97440;ST ANDRE
35770;VERN SUR SEICHE
69210;L ARBRESLE
49400;DISTRE
80800;CORBIE
95240;CORMEILLES EN PARISIS
31230;RIOLAS
17440;AYTRE
4210;VALENSOLE
12250;ROQUEFORT SUR SOULZON
93150;LE BLANC MESNIL
6700;ST LAURENT DU VAR
82100;CASTELSARRASIN
84460;CHEVAL BLANC
13003;MARSEILLE
59490;SOMAIN
32730;VILLECOMTAL SUR ARROS
88400;GERARDMER
95540;MERY SUR OISE
95600;EAUBONNE
79260;LA CRECHE
94500;CHAMPIGNY SUR MARNE
69390;VOURLES
89100;SENS
44880;SAUTRON
47500;MONTAYRAL
73330;LE PONT DE BEAUVOISIN
60330;LE PLESSIS BELLEVILLE
71600;PARAY LE MONIAL
72470;CHAMPAGNE
38850;BILIEU
13760;ST CANNAT
3200;VICHY
92130;ISSY LES MOULINEAUX
47320;CLAIRAC
60360;LUCHY
35131;PONT PEAN
77500;CHELLES
71170;CHAUFFAILLES
85680;LA GUERINIERE
19400;ARGENTAT SUR DORDOGNE
20600;FURIANI
58300;DECIZE
64700;HENDAYE
38420;LE VERSOUD
10100;CRANCEY
28700;BEVILLE LE COMTE
38670;CHASSE SUR RHONE
13660;ORGON
26100;ROMANS SUR ISERE
31780;CASTELGINEST
31330;MERVILLE
85160;ST JEAN DE MONTS
67540;OSTWALD
30000;NIMES
68125;HOUSSEN
95100;ARGENTEUIL
13150;TARASCON
6210;MANDELIEU LA NAPOULE
35260;CANCALE
66500;PRADES
28160;BROU
93230;ROMAINVILLE
77720;MORMANT
51350;CORMONTREUIL
67300;SCHILTIGHEIM
38920;CROLLES
74360;VACHERESSE
73230;ST ALBAN LEYSSE
93500;PANTIN
72700;ALLONNES
30240;LE GRAU DU ROI
92160;ANTONY
13322;MARSEILLE CEDEX 16
40230;ST VINCENT DE TYROSSE
47600;NERAC
76130;MONT ST AIGNAN
77410;GRESSY
63920;PESCHADOIRES
78140;VELIZY VILLACOUBLAY
73350;BOZEL
22140;BEGARD
34990;JUVIGNAC
41000;VILLEBAROU
69110;STE FOY LES LYON
92250;LA GARENNE COLOMBES
6300;NICE
13460;SAINTES MARIES DE LA MER
10200;ARRENTIERES
65690;BARBAZAN DEBAT
40200;PONTENX LES FORGES
66690;SOREDE
71520;MATOUR
61110;REMALARD EN PERCHE
13630;EYRAGUES
10000;TROYES
44740;BATZ SUR MER
38250;VILLARD DE LANS
91090;LISSES
1851;MARBOZ
33130;BEGLES
38340;VOREPPE
91260;JUVISY SUR ORGE
77690;MONTIGNY SUR LOING
33610;CESTAS
11500;QUILLAN
42500;LE CHAMBON FEUGEROLLES
13160;CHATEAURENARD
13510;EGUILLES
86360;CHASSENEUIL DU POITOU
97430;LE TAMPON
72100;LE MANS
71570;ST AMOUR BELLEVUE
76300;SOTTEVILLE LES ROUEN
95670;MARLY LA VILLE
69470;COURS
14290;ORBEC
91470;ANGERVILLIERS
31790;ST SAUVEUR
92210;ST CLOUD
87300;BLANZAC
17550;DOLUS D OLERON
60120;BRETEUIL
73540;ESSERTS BLAY
89580;COULANGES LA VINEUSE
54240;J¿UF
14370;VALAMBRAY
80400;HAM
21300;CHENOVE
91270;VIGNEUX SUR SEINE
72210;VOIVRES LES LE MANS
83490;LE MUY
47270;ST PIERRE DE CLAIRAC
79800;LA MOTHE ST HERAY
93270;SEVRAN
33380;BIGANOS
64220;ST JEAN PIED DE PORT
45400;SEMOY
77870;VULAINES SUR SEINE
62100;CALAIS
2130;FERE EN TARDENOIS
64270;LABASTIDE VILLEFRANCHE
56130;FEREL
43320;CHASPUZAC
52220;LA PORTE DU DER
28630;GELLAINVILLE
55600;MARVILLE
91350;GRIGNY
31035;TOULOUSE CEDEX 1
97200;FORT DE FRANCE
78340;LES CLAYES SOUS BOIS
42290;SORBIERS
35290;ST MEEN LE GRAND
49770;LONGUENEE EN ANJOU
97460;ST PAUL
54380;SAIZERAIS
39200;ST CLAUDE
59470;HOUTKERQUE
35740;PACE
76540;THIETREVILLE
80320;CHAULNES
77600;BUSSY ST GEORGES
95260;BEAUMONT SUR OISE
94290;VILLENEUVE LE ROI
69001;LYON
80210;AIGNEVILLE
56150;BAUD
45120;CHALETTE SUR LOING
45480;CHARMONT EN BEAUCE
42390;VILLARS
32330;GONDRIN
84911;AVIGNON CEDEX 9
80220;BOUTTENCOURT
13600;LA CIOTAT
97310;KOUROU
59242;CAPPELLE EN PEVELE
91400;SACLAY
6220;VALLAURIS
26240;ST VALLIER
76310;STE ADRESSE
33100;BORDEAUX
91610;BALLANCOURT SUR ESSONNE
51300;ST LUMIER EN CHAMPAGNE
6370;MOUANS SARTOUX
4300;FORCALQUIER
7340;SERRIERES
35132;VEZIN LE COQUET
8110;CARIGNAN
16000;ANGOULEME
33230;COUTRAS
67460;SOUFFELWEYERSHEIM
84170;MONTEUX
16160;GOND PONTOUVRE
55700;MOULINS ST HUBERT
6140;VENCE
85230;BEAUVOIR SUR MER
30270;ST JEAN DU GARD
19100;BRIVE LA GAILLARDE
64260;IZESTE
62160;BULLY LES MINES
91230;MONTGERON
93330;NEUILLY SUR MARNE
84600;VALREAS
29830;PLOUDALMEZEAU
21630;POMMARD
91978;COURTABOEUF CEDEX
67190;MUTZIG
83320;CARQUEIRANNE
41800;MONTOIRE SUR LE LOIR
73340;LESCHERAINES
25480;ECOLE VALENTIN
53100;MAYENNE
74310;LES HOUCHES
27300;BERNAY
38160;ST VERAND
45500;GIEN
51420;BERRU
76710;MONTVILLE
23300;LA SOUTERRAINE
94594;RUNGIS CEDEX 2
85170;ST DENIS LA CHEVASSE
24490;SAINT MICHEL DE RIVIERE
62780;CUCQ
30133;LES ANGLES
44560;CORSEPT
50220;PONTAUBAULT
25500;MORTEAU
2300;CHAUNY
45310;ST PERAVY LA COLOMBE
63118;CEBAZAT
60240;CHAUMONT EN VEXIN
27000;EVREUX
34400;LUNEL
22190;PLERIN
31500;TOULOUSE
49250;BEAUFORT EN ANJOU
2000;LAON
72650;LA CHAPELLE ST AUBIN
12850;ONET LE CHATEAU
8600;GIVET
45110;CHATEAUNEUF SUR LOIRE
76650;PETIT COURONNE
13990;FONTVIEILLE
69328;LYON CEDEX 03
68510;SIERENTZ
12510;OLEMPS
63530;VOLVIC
91100;CORBEIL ESSONNES
33740;ARES
13118;ISTRES
58150;POUILLY SUR LOIRE
76750;BIERVILLE
1210;FERNEY VOLTAIRE
93370;MONTFERMEIL
69100;VILLEURBANNE
66600;CALCE
95610;ERAGNY SUR OISE
73170;YENNE
93210;ST DENIS
35300;FOUGERES
34200;SETE
10380;PLANCY L ABBAYE
42190;CHARLIEU
40510;SEIGNOSSE
17410;ST MARTIN DE RE
94220;CHARENTON LE PONT
13010;MARSEILLE
85590;ST MALO DU BOIS
14700;FALAISE
11210;PORT LA NOUVELLE
64400;ORIN
13310;ST MARTIN DE CRAU
77160;POIGNY
66100;PERPIGNAN
1330;AMBERIEUX EN DOMBES
95140;GARGES LES GONESSE
77170;SERVON
24220;CASTELS ET BÉZENAC
59520;MARQUETTE LEZ LILLE
61500;SEES
59118;WAMBRECHIES
95640;MARINES
58640;VARENNES VAUZELLES
77127;LIEUSAINT
85500;LES HERBIERS
71960;PRISSE
60000;ALLONNE
85700;LA MEILLERAIE TILLAY
16290;HIERSAC
1600;TREVOUX
53810;CHANGE
59000;LILLE
72610;ARCONNAY
26780;CHATEAUNEUF DU RHONE
84290;STE CECILE LES VIGNES
91390;MORSANG SUR ORGE
32130;SAMATAN
67450;LAMPERTHEIM
28340;BOISSY LES PERCHE
5100;BRIANCON
36000;CHATEAUROUX
14260;LES MONTS D AUNAY
69310;PIERRE BENITE
44300;NANTES
89310;NOYERS
4000;DIGNE LES BAINS
95410;GROSLAY
95813;ARGENTEUIL CEDEX
2650;FOSSOY
38560;JARRIE
11350;TUCHAN
54330;THELOD
16260;CHASSENEUIL SUR BONNIEURE
58350;NANNAY
31820;PIBRAC
79100;PLAINE ET VALLÉES
8220;SEVIGNY WALEPPE
56850;CAUDAN
60350;VIEUX MOULIN
91070;BONDOUFLE
3100;MONTLUCON
16110;LA ROCHEFOUCAULD EN ANGOUMOIS
78150;LE CHESNAY ROCQUENCOURT
68260;KINGERSHEIM
78280;GUYANCOURT
30140;BOISSET ET GAUJAC
74970;MARIGNIER
68300;ST LOUIS
21490;VAROIS ET CHAIGNOT
35590;L HERMITAGE
78660;ABLIS
77140;NEMOURS
43190;TENCE
16360;REIGNAC
22970;PLOUMAGOAR
50260;SOTTEVAST
56300;PONTIVY
51520;ST MARTIN SUR LE PRE
17230;CHARRON
18300;CREZANCY EN SANCERRE
41300;SALBRIS
38090;VAULX MILIEU
6750;CAILLE
64440;BEOST
74430;ST JEAN D AULPS
49230;SÈVREMOINE
16560;VILLEJOUBERT
62880;PONT A VENDIN
77176;SAVIGNY LE TEMPLE
22300;LANNION
54220;MALZEVILLE
82350;ALBIAS
27260;MORAINVILLE JOUVEAUX
30500;ST AMBROIX
26400;EURRE
54520;LAXOU
54270;ESSEY LES NANCY
21140;SEMUR EN AUXOIS
49340;NUAILLE
74270;CHENE EN SEMINE
56190;MUZILLAC
76260;ETALONDES
29800;PLOUEDERN
33340;LESPARRE MEDOC
56400;AURAY
40160;PARENTIS EN BORN
74330;EPAGNY METZ TESSY
59250;HALLUIN
35130;LA GUERCHE DE BRETAGNE
85130;LES LANDES GENUSSON
91200;ATHIS MONS
2340;MONTCORNET
42350;LA TALAUDIERE
31830;PLAISANCE DU TOUCH
82130;LAFRANCAISE
22400;LAMBALLE ARMOR
78860;ST NOM LA BRETECHE
56550;LOCOAL MENDON
45420;THOU
91150;ETAMPES
42120;LE COTEAU
91860;EPINAY SOUS SENART
39190;VAL SONNETTE
31440;CIERP GAUD
97122;BAIE MAHAULT
33910;ST DENIS DE PILE
28260;OULINS
60190;ESTREES ST DENIS
44160;STE ANNE SUR BRIVET
59100;ROUBAIX
56920;NOYAL PONTIVY
74570;GROISY
35230;NOYAL CHATILLON SUR SEICHE
69570;DARDILLY
29500;ERGUE GABERIC
95500;GONESSE
21430;CENSEREY
59116;HOUPLINES
62400;BETHUNE
62700;BRUAY LA BUISSIERE
91180;ST GERMAIN LES ARPAJON
23160;AZERABLES
42490;FRAISSES
69660;COLLONGES AU MONT D OR
34770;GIGEAN
53160;VIMARTIN SUR ORTHE
54260;LONGUYON
92316;SEVRES CEDEX
87280;LIMOGES
65140;RABASTENS DE BIGORRE
63430;PONT DU CHATEAU
59132;TRELON
69480;POMMIERS
43110;AUREC SUR LOIRE
44330;VALLET
78190;TRAPPES
69590;COISE
42530;ST GENEST LERPT
63360;GERZAT
73310;SERRIERES EN CHAUTAGNE
34430;ST JEAN DE VEDAS
51110;BAZANCOURT
59240;DUNKERQUE
9110;AX LES THERMES
50410;PERCY EN NORMANDIE
78980;BREVAL
49170;ST GEORGES SUR LOIRE
83270;ST CYR SUR MER
50180;AGNEAUX
62137;COULOGNE
35750;IFFENDIC
85480;BOURNEZEAU
33670;CREON
43260;ST JULIEN CHAPTEUIL
44350;GUERANDE
27140;GISORS
73460;NOTRE DAME DES MILLIERES
33590;VENSAC
35490;SENS DE BRETAGNE
40220;TARNOS
82440;MIRABEL
93406;ST OUEN CEDEX
85360;LA TRANCHE SUR MER
71680;CRECHES SUR SAONE
26300;BOURG DE PEAGE
83520;ROQUEBRUNE SUR ARGENS
20090;AJACCIO
16320;EDON
33820;ST PALAIS
62300;LENS
72120;ST CALAIS
1410;MIJOUX
93260;LES LILAS
95740;FREPILLON
71700;TOURNUS
54120;BACCARAT
49320;BRISSAC LOIRE AUBANCE
94200;IVRY SUR SEINE
21240;TALANT
95190;GOUSSAINVILLE
85200;FONTENAY LE COMTE
49290;CHALONNES SUR LOIRE
63710;ST NECTAIRE
39240;VALZIN EN PETITE MONTAGNE
57200;SARREGUEMINES
74170;ST GERVAIS LES BAINS
36500;BUZANCAIS
81150;MARSSAC SUR TARN
4290;VOLONNE
9270;MAZERES
17690;ANGOULINS
72330;CERANS FOULLETOURTE
17640;VAUX SUR MER
80300;ALBERT
71510;ST SERNIN DU PLAIN
70200;LURE
13127;VITROLLES
12120;RULLAC ST CIRQ
79140;CERIZAY
97335;CAYENNE CEDEX
47150;MONFLANQUIN
33140;VILLENAVE D ORNON
69280;STE CONSORCE
79320;MONCOUTANT SUR SEVRE
26250;LIVRON SUR DROME
59223;RONCQ
27660;BEZU ST ELOI
83990;ST TROPEZ
94550;CHEVILLY LARUE
62217;TILLOY LES MOFFLAINES
86300;CHAUVIGNY
42800;ST MARTIN LA PLAINE
12400;ST AFFRIQUE
17560;BOURCEFRANC LE CHAPUS
13012;MARSEILLE
27400;LOUVIERS
35830;BETTON
41400;ST GEORGES SUR CHER
64340;BOUCAU
40110;MORCENX LA NOUVELLE
44450;DIVATTE SUR LOIRE
59320;HALLENNES LEZ HAUBOURDIN
1460;MONTREAL LA CLUSE
57970;ILLANGE
83980;LE LAVANDOU
60800;ROUVILLE
38700;CORENC
59500;DOUAI
30430;BARJAC
94880;NOISEAU
45410;ARTENAY
91640;BRIIS SOUS FORGES
33126;FRONSAC
71990;LA GRANDE VERRIERE
33930;VENDAYS MONTALIVET
64420;NOUSTY
71380;ST MARCEL
71290;SIMANDRE
40180;HINX
94012;CRETEIL CEDEX
62138;HAISNES
77184;EMERAINVILLE
92390;VILLENEUVE LA GARENNE
81380;LESCURE D'ALBIGEOIS
97438;SAINTE MARIE
85110;CHANTONNAY
77630;BARBIZON
69840;EMERINGES
33170;GRADIGNAN
35560;VAL COUESNON
42660;JONZIEUX
93170;BAGNOLET
14800;DEAUVILLE
83790;PIGNANS
58330;ST SAULGE
17130;MONTENDRE
46000;CAHORS
33114;LE BARP
60370;BERTHECOURT
64250;SOURAIDE
44170;NOZAY
16200;REPARSAC
7270;LAMASTRE
26350;CREPOL
35220;CHATEAUBOURG
72540;JOUE EN CHARNIE
79360;GRANZAY GRIPT
28100;DREUX
38140;APPRIEU
66330;CABESTANY
62136;RICHEBOURG
50470;TOLLEVAST
80740;EPEHY
80860;NOUVION
31320;CASTANET TOLOSAN
17240;ST CIERS DU TAILLON
2120;VILLERS LES GUISE
21400;ETROCHEY
59800;LILLE
51490;PONTFAVERGER MORONVILLIERS
67170;BERNOLSHEIM
78690;LES ESSARTS LE ROI
80970;SAILLY FLIBEAUCOURT
27110;LE NEUBOURG
9400;TARASCON SUR ARIEGE
59270;METEREN
49800;TRELAZE
31220;MONTCLAR DE COMMINGES
5240;LA SALLE LES ALPES
24590;SALIGNAC EYVIGUES
77450;ESBLY
11200;LEZIGNAN CORBIERES
67720;H¿RDT
62990;BEAURAINVILLE
27530;CROTH
51120;BARBONNE FAYEL
31270;CUGNAUX
54400;LONGWY
59145;BERLAIMONT
91460;MARCOUSSIS
37260;ARTANNES SUR INDRE
1160;NEUVILLE SUR AIN
50620;ST JEAN DE DAYE
54600;VILLERS LES NANCY
13380;PLAN DE CUQUES
34700;LODEVE
6310;BEAULIEU SUR MER
38400;ST MARTIN D HERES
65290;JUILLAN
74260;LES GETS
78610;ST LEGER EN YVELINES
46340;SALVIAC
87120;EYMOUTIERS
93340;LE RAINCY
69340;FRANCHEVILLE
69630;CHAPONOST
51450;BETHENY
10110;BUXEUIL
49280;LA SEGUINIERE
14540;BOURGUEBUS
72340;LA CHARTRE SUR LE LOIR
3000;AVERMES
56110;GOURIN
64210;BIDART
83260;LA CRAU
41360;FORTAN
7200;AUBENAS
50450;GAVRAY SUR SIENNE
17138;PUILBOREAU
61000;ALENCON
36250;ST MAUR
78940;LA QUEUE LES YVELINES
69960;CORBAS
32300;BERDOUES
26320;SAINT MARCEL LÈS VALENCE
72220;ECOMMOY
42340;VEAUCHE
34740;VENDARGUES
30300;BEAUCAIRE
80150;CANCHY
74540;HERY SUR ALBY
35420;LOUVIGNE DU DESERT
38690;BIOL
95480;PIERRELAYE
37230;PERNAY
69290;CRAPONNE
11220;ST LAURENT DE LA CABRERISSE
33520;BRUGES
1140;ST DIDIER SUR CHALARONNE
49380;TERRANJOU
85540;ST CYR EN TALMONDAIS
91030;EVRY CEDEX
59180;CAPPELLE LA GRANDE
73800;CHIGNIN
74120;MEGEVE
78440;GUITRANCOURT
6230;ST JEAN CAP FERRAT
95430;AUVERS SUR OISE
85180;LES SABLES D OLONNE
71120;VENDENESSE LES CHAROLLES
20260;CALVI
91951;COURTABOEUF CEDEX
88110;RAON L ETAPE
92420;VAUCRESSON