﻿Departement;ca_3
Haute-Loire;1588325.69230769
Indre-et-Loire;3955813.42105263
Isere;5643767.89285714
Jura;4060043.88235294
Landes;4644691.80434783
Loir-et-Cher;6265156.23076923
Loire;6077747.48979592
Aube;9097798.55172414
Aude;2709894.75
Aveyron;2263491.68421053
Bas-Rhin;2322423.16216216
Bouches-du-Rhone;3610979.36440678
Calvados;3732201.95
Cantal;3297785.76923077
Charente;4747009.74074074
Charente-Maritime;3017867.74
Cher;1658148.91666667
Correze;2926263.625
Essonne;1400211.55555556
Cotes-Darmor;2765773.83333333
Cote-Dor;4901650.80701754
Creuse;2384985.85714286
Deux-Sevres;8941622.5
Dordogne;1740944.16666667
Doubs;4590541.14285714
Drome;4286496.64285714
Essone;7246293.89333333
Eure;5201697.18181818
Eure-et-Loir;7196156.39130435
Finistere;2317560.6
Gard;3576150.88461538
Ain;2076889.06666667
Gers;19631411.1686747
Gironde;18441199.9705882
Guadeloupe;1985418.14285714
Haut-Rhin;5489376.86458333
Haute-Garonne;5699284.11111111
Haute-Savoie;5119906.6875
Haute-Vienne;1841166.38095238
Hautes-Pyrenees;636039.066666667
Hauts-de-Seine;119518798.225
Herault;3546236.7
Ille-et-Vilaine;8606349.57142857
Indre;3565355.1875
Loire-Atlantique;6852427.58730159
Loiret;14072900.8918919
Lot;5266050.09090909
Lot-et-Garonne;9643282.75
Lozere;650867.2
Maine-et-Loire;6030352.80851064
Manche;2907534.17948718
Marne;9294385.86486487
Martinique;974364
Mayenne;10954052.3333333
Meurthe-et-Moselle;2243219.75862069
Meuse;6449913.92307692
Morbihan;18540997.175
Moselle;6607177.92307692
Nievre;910073.2
Nord;6775076.58333333
Oise;1259757.46511628
Orne;2465122.2
Paris;26329557.1674208
Pas-de-Calais;5019954.91525424
Puy-de-Dome;3609482.72727273
Pyrenees-Atlantiques;3035781
Pyrenees-Orientales;9373142.81818182
Rhone;17362912.6449275
Saone-et-Loire;5538668.83333333
Sarthe;4860880.94285714
Savoie;1844392.50980392
Seine-et-Marne;64362812.4285714
Seine-Maritime;56395801.625
Seine-Saint-Denis;112943619.590164
Somme;4132350.3880597
Tarn;4491292.68421053
Tarn-et-Garonne;10139616.9318182
Territoire de Belfort;1462187.14285714
Val-Doise;5133181.51282051
Val-de-Marne;46865581.7258065
Var;1729652.93103448
Vaucluse;5097163.35416667
Vendee;7799943.76744186
Vienne;4545251.38461538
Vosges;2050852.46153846
Yonne;2431247.72222222
Yvelines;57655466.3103448