﻿Departement;ca_2
Haute-Loire;1725207.23076923
Indre-et-Loire;4006977.63157895
Isere;5885779.35714286
Jura;3467297
Landes;4513734.45652174
Loir-et-Cher;6332282.92307692
Loire;6767780.15306122
Aube;8707858.48275862
Aude;2933799.03125
Aveyron;2457770.21052632
Bas-Rhin;1963239.27027027
Bouches-du-Rhone;3826472.63559322
Calvados;3758099.875
Cantal;3260782.76923077
Charente;5135487.40740741
Charente-Maritime;3385415.84
Cher;1438082.91666667
Correze;3132805.75
Essonne;1457592.22222222
Cotes-Darmor;2738425.88888889
Cote-Dor;4813434.28070175
Creuse;2588708.42857143
Deux-Sevres;8560714.77777778
Dordogne;1859416.33333333
Doubs;4828969.80952381
Drome;4860207.04761905
Essone;7577692.89333333
Eure;6078077.86363636
Eure-et-Loir;7161930.34782609
Finistere;2068122.6
Gard;3075925.96153846
Ain;2461356.8
Gers;17526540.3614458
Gironde;19229012.5
Guadeloupe;1918342.71428571
Haut-Rhin;5379216.73958333
Haute-Garonne;5650113.11111111
Haute-Savoie;5232884.52083333
Haute-Vienne;1721363.14285714
Hautes-Pyrenees;657447.333333333
Hauts-de-Seine;116305128.475
Herault;3849322.6
Ille-et-Vilaine;7879325.3
Indre;3433446.5
Loire-Atlantique;7042015.92063492
Loiret;11598710.0540541
Lot;5187528.63636364
Lot-et-Garonne;9650553.07142857
Lozere;683400.8
Maine-et-Loire;5933738.12765957
Manche;3021516.12820513
Marne;9574529.18918919
Martinique;843859
Mayenne;11390489.4666667
Meurthe-et-Moselle;2172679.17241379
Meuse;6686476.61538462
Morbihan;21496079.125
Moselle;8061334
Nievre;908619.4
Nord;6633546.33333333
Oise;1297105.60465116
Orne;1544216
Paris;23986331.0316742
Pas-de-Calais;8193715.89830508
Puy-de-Dome;3798175.51515152
Pyrenees-Atlantiques;3226986.33962264
Pyrenees-Orientales;9774282.16666667
Rhone;24941823.6811594
Saone-et-Loire;5252318.25
Sarthe;5347967
Savoie;1640490.2745098
Seine-et-Marne;77174127.8214286
Seine-Maritime;59248960.725
Seine-Saint-Denis;108450590.590164
Somme;3962612.88059701
Tarn;4911152
Tarn-et-Garonne;11053640.5227273
Territoire de Belfort;2115370.42857143
Val-Doise;4668444.05128205
Val-de-Marne;44897538.4677419
Var;1781445.90804598
Vaucluse;5257419.70833333
Vendee;7728758.8372093
Vienne;3620435.92307692
Vosges;2092217.30769231
Yonne;2461785.77777778
Yvelines;57808816.4655172