﻿Departement;ca_1
Haute-Loire;1317866.69230769
Indre-et-Loire;4626216.57894737
Isere;6276714.36607143
Jura;3969432.70588235
Landes;4527358.95652174
Loir-et-Cher;7602435.92307692
Loire;7287513.73469388
Aube;9611326.4137931
Aude;3190827.84375
Aveyron;2725099.21052632
Bas-Rhin;2798502.13513514
Bouches-du-Rhone;4410672.33898305
Calvados;4442879.475
Cantal;3707065.69230769
Charente;5749926.85185185
Charente-Maritime;3733551.34
Cher;1404432.5
Correze;3350542.375
Essonne;1635560.33333333
Cotes-Darmor;3217063.44444444
Cote-Dor;5886536.35087719
Creuse;1819529
Deux-Sevres;11297469.0555556
Dordogne;2146037.66666667
Doubs;5494347.66666667
Drome;5602004.83333333
Essone;8658078.81333333
Eure;8460221.31818182
Eure-et-Loir;7722328.30434783
Finistere;2391985.06666667
Gard;3818834.65384615
Ain;2532941.06666667
Gers;22167363.9518072
Gironde;20541445.2058824
Guadeloupe;2333582
Haut-Rhin;7129003.60416667
Haute-Garonne;6268158.88888889
Haute-Savoie;6528821.375
Haute-Vienne;1687415.19047619
Hautes-Pyrenees;696992.8
Hauts-de-Seine;146049317.5375
Herault;4029793.85
Ille-et-Vilaine;9928249.15714286
Indre;3926489.0625
Loire-Atlantique;7543236.23809524
Loiret;14900315.6216216
Lot;5864671.63636364
Lot-et-Garonne;12602959.9642857
Lozere;750453
Maine-et-Loire;7322416.29787234
Manche;3463573.1025641
Marne;11340686.9189189
Martinique;1008284
Mayenne;13267156.2
Meurthe-et-Moselle;2382998.37931034
Meuse;7408459.46153846
Morbihan;30703200.475
Moselle;7853946.23076923
Nievre;1019505.5
Nord;8561676.96428571
Oise;1347594.97674419
Orne;1694943.6
Paris;29267959.8235294
Pas-de-Calais;8779836.38983051
Puy-de-Dome;4100299.84848485
Pyrenees-Atlantiques;3832088.66037736
Pyrenees-Orientales;11178931.2575758
Rhone;27503558.0289855
Saone-et-Loire;5727550.58333333
Sarthe;5609222.97142857
Savoie;1675709.33333333
Seine-et-Marne;77026801.625
Seine-Maritime;63017162.475
Seine-Saint-Denis;120080162.459016
Somme;4788857.34328358
Tarn;5641791.84210526
Tarn-et-Garonne;11771700.75
Territoire de Belfort;2576258.57142857
Val-Doise;4905786.38461538
Val-de-Marne;51824424.2258065
Var;1977388.94252874
Vaucluse;5503655.27083333
Vendee;8747851.95348837
Vienne;3916878.38461538
Vosges;2351810
Yonne;2886531.61111111
Yvelines;95517885.9310345